transaction_id,customer_id,date,amount_usd,country,merchant,channel
T00001,C0274,2025-03-19,938.54,Canada,Unknown Vendor,Online
T00002,C0468,2024-11-30,6020.24,brazil,BestBuy,Online
T00003,C0479,2024-08-08,2633.49,BRAZIL,Luxury Retailer,Wire
T00004,C0404,2025-05-01,1825.89,us,Crypto Exchange,Wire
T00005,C0449,2025-03-03,339.25,us,Amazon,In-Person
T00006,C0055,2024-10-28,339.19,brazil,BestBuy,Wire
T00007,C0329,2025-05-11,119.68,uk,BestBuy,Online
T00008,C0436,2024-10-09,4022.46,UK,Amazon,Online
T00009,C0170,2025-04-08,1838.16,us,BestBuy,
T00010,C0368,2024-08-03,2462.5,Us,Walmart,Wire
T00011,C0291,2024-08-06,41.6,mexico,Amazon,In-Person
T00012,C0439,2024-10-18,7007.11,Mexico,BestBuy,
T00013,C0264,2024-09-03,3572.86,Us,BestBuy,Online
T00014,C0095,2024-11-30,477.38,germany,BestBuy,Online
T00015,C0004,2025-04-08,401.36,us,Amazon,Wire
T00016,C0489,2025-05-06,405.22,us,eBay,In-Person
T00017,C0006,2025-03-09,725.51,us,BestBuy,Online
T00018,C0032,2024-09-03,1487.86,Mexico,BestBuy,Online
T00019,C0208,2025-04-19,1131.07,mexico,Crypto Exchange,In-Person
T00020,C0395,2024-12-04,688.45,us,Amazon,Wire
T00021,C0189,2024-11-05,1892.74,mexico,Amazon,Online
T00022,C0245,2024-11-23,300.47,US,Walmart,In-Person
T00023,C0192,2024/08/16,691.03,us,eBay,Wire
T00024,C0388,2024-08-10,912.55,uk,eBay,Online
T00025,C0391,2024-07-08,1217.87,us,Walmart,Online
T00026,C0270,2024-11-02,3075.87,us,Walmart,Online
T00027,C0470,2024-12-25,445.47,Uk,Amazon,In-Person
T00028,C0463,2024-11-22,1444.06,Uk,eBay,Online
T00029,C0085,2025-04-27,1795.01,Us,eBay,Online
T00030,C0349,2024-10-18,95.13,us,eBay,Online
T00031,C0461,2024-08-14,1870.67,Uk,Walmart,Wire
T00032,C0068,2024-08-26,373.92,UK,BestBuy,Online
T00033,C0287,2024-08-08,134.53,us,Walmart,
T00034,C0012,2024-09-16,5947.38,us,,In-Person
T00035,C0112,2024-12-20,6741.26,UK,Amazon,Wire
T00036,C0359,2024-12-27,3304.66,us,Luxury Retailer,Online
T00037,C0479,2025-02-07,726.58,us,Amazon,Online
T00038,C0394,2025-02-06,205.55,us,eBay,In-Person
T00039,C0331,2025-01-21,2305.5,germany,BestBuy,Wire
T00040,C0230,2024-12-11,1160.18,China,Crypto Exchange,Wire
T00041,C0042,2024-08-15,260.3,mexico,eBay,
T00042,C0069,2024-07-16,1367.09,Mexico,BestBuy,Online
T00043,C0276,2024-08-09,69.99,us,Amazon,Online
T00044,C0428,2024-11-20,4800.85,us,Amazon,Wire
T00045,C0238,2025-02-06,598.92,MEXICO,eBay,In-Person
T00046,C0195,2024-08-11,2172.51,russia,Amazon,Wire
T00047,C0080,2025-02-22,747.09,Us,Crypto Exchange,In-Person
T00048,C0392,2025-02-23,1468.22,us,Walmart,Wire
T00049,C0315,2025-05-06,1582.45,canada,Unknown Vendor,Online
T00050,C0124,2024-11-08,408.78,us,Amazon,Online
T00051,C0229,2025-06-06,6985.61,uk,Walmart,Online
T00052,C0126,2024-12-02,2984.49,canada,BestBuy,Online
T00053,C0277,2024-07-10,5610.19,us,Unknown Vendor,Online
T00054,C0072,2024-10-27,4504.3,Uk,Amazon,In-Person
T00055,C0295,2024-12-13,1822.11,us,eBay,In-Person
T00056,C0420,2024-12-03,5098.87,us,BestBuy,Online
T00057,C0339,2025-05-04,185.31,uk,BestBuy,Wire
T00058,C0032,2024-08-07,436.27,uk,eBay,In-Person
T00059,C0467,2025-04-13,92.56,us,eBay,In-Person
T00060,C0254,2025-06-20,787.06,us,BestBuy,In-Person
T00061,C0344,2025-02-08,984.26,us,eBay,In-Person
T00062,C0214,2025-06-22,633.12,us,Amazon,Online
T00063,C0387,2024-10-08,3529.12,uk,Amazon,Online
T00064,C0154,2025-02-13,882.45,china,Amazon,Wire
T00065,C0469,2025-01-24,659.61,Us,BestBuy,Wire
T00066,C0286,2024-09-09,1564.81,uk,BestBuy,Wire
T00067,C0105,2025-03-29,303.8,us,Amazon,Wire
T00068,C0434,2024-11-30,3240.97,us,eBay,Online
T00069,C0027,2024-09-09,154.95,us,eBay,In-Person
T00070,C0021,2024-08-28,8668.29,china,Amazon,In-Person
T00071,C0371,2024-10-18,2958.97,MEXICO,Amazon,Online
T00072,C0446,2024-10-30,443.08,Brazil,BestBuy,Online
T00073,C0109,2024-10-18,11.07,BRAZIL,Luxury Retailer,Online
T00074,C0383,2025-01-13,3379.79,GERMANY,BestBuy,Online
T00075,C0357,2024-08-31,2454.19,mexico,Amazon,Online
T00076,C0283,2024-07-30,2611.33,us,Amazon,Wire
T00077,C0274,2024-09-08,2950.43,mexico,BestBuy,Wire
T00078,C0263,2024-12-21,153.86,China,BestBuy,In-Person
T00079,C0241,2024-10-21,887.79,CANADA,BestBuy,Online
T00080,C0190,2024-12-16,246.3,us,Amazon,Online
T00081,C0380,2024.10.30,3977.06,us,Amazon,In-Person
T00082,C0297,2025-01-10,1952.6,canada,Amazon,Online
T00083,C0169,2025-05-05,803.64,us,eBay,Online
T00084,C0256,2024-08-04,131.34,uk,Crypto Exchange,Wire
T00085,C0132,2024-11-23,744.98,canada,BestBuy,
T00086,C0329,2024-10-11,786.63,canada,BestBuy,In-Person
T00087,C0408,2024-10-09,2615.75,us,Amazon,In-Person
T00088,C0251,2025-04-11,2029.78,Us,Unknown Vendor,In-Person
T00089,C0491,2025-03-05,4364.5,us,Amazon,Online
T00090,C0484,2025-01-14,1278.13,russia,Amazon,Online
T00091,C0212,2025-02-21,254.74,us,eBay,Online
T00092,C0363,2025-03-02,2498.25,us,Amazon,Wire
T00093,C0192,2024-09-19,2860.79,us,eBay,In-Person
T00094,C0468,2024-12-30,1647.77,us,BestBuy,Online
T00095,C0273,2024-08-16,2947.78,uk,,In-Person
T00096,C0370,2024/08/27,1361.63,Us,Luxury Retailer,Online
T00097,C0258,2024-11-01,1479.36,RUSSIA,eBay,Online
T00098,C0055,2024-07-08,1115.63,Brazil,eBay,Online
T00099,C0099,2024-12-06,51.5,mexico,Amazon,Wire
T00100,C0137,2024-11-12,228.33,canada,Amazon,Wire
T00101,C0236,2025-05-28,63.87,Uk,Luxury Retailer,Online
T00102,C0154,2025-03-03,2023.46,mexico,Walmart,In-Person
T00103,C0440,2024-11-30,754.79,mexico,Amazon,Wire
T00104,C0195,2025-05-14,1420.87,Us,BestBuy,In-Person
T00105,C0005,2025-06-05,4762.53,Canada,Amazon,Wire
T00106,C0331,2024-11-10,573.48,CANADA,,Online
T00107,C0459,2024-12-23,1056.56,uk,Amazon,Online
T00108,C0462,2024-11-12,2817.5,china,Unknown Vendor,Wire
T00109,C0139,2024-12-20,519.61,us,Amazon,Wire
T00110,C0461,2025-05-18,160.21,uk,eBay,Online
T00111,C0476,2025-05-21,684.28,CHINA,Amazon,Online
T00112,C0301,2025-06-04,351.62,Us,Walmart,Wire
T00113,C0476,2025-03-15,5309.9,us,Amazon,Online
T00114,C0291,2025-02-21,3301.77,RUSSIA,BestBuy,In-Person
T00115,C0170,2024-08-27,2006.99,us,Walmart,In-Person
T00116,C0371,2024-10-30,4103.04,us,Walmart,Wire
T00117,C0028,2024-11-07,3255.94,us,Amazon,Online
T00118,C0175,2025.02.25,412.99,mexico,eBay,In-Person
T00119,C0204,2025-04-02,4461.63,germany,BestBuy,In-Person
T00120,C0140,2024-09-22,1550.2,Canada,BestBuy,Online
T00121,C0183,2025-01-08,3294.7,uk,BestBuy,Online
T00122,C0349,2024-11-05,4528.49,uk,BestBuy,In-Person
T00123,C0152,2024-09-12,765.46,canada,Walmart,Online
T00124,C0138,2024-12-07,233.18,us,Walmart,In-Person
T00125,C0079,2024-11-06,517.37,canada,BestBuy,Online
T00126,C0047,2024-10-27,1114.12,us,BestBuy,Wire
T00127,C0390,2025-04-17,3407.66,us,Amazon,Online
T00128,C0221,2025-04-01,3942.69,us,eBay,Wire
T00129,C0053,2025-03-08,13.95,us,BestBuy,Online
T00130,C0306,2025-01-12,1429.75,Uk,BestBuy,Wire
T00131,C0007,2025-02-14,1080.55,US,BestBuy,Online
T00132,C0372,2025/05/05,502.33,brazil,Crypto Exchange,Online
T00133,C0293,2024-10-08,255.36,Uk,eBay,Online
T00134,C0072,2024-11-09,823.82,us,Amazon,
T00135,C0033,2024-11-29,5726.24,Us,Amazon,Wire
T00136,C0248,2024-10-22,780.77,Canada,BestBuy,Online
T00137,C0370,2025-05-19,1462.91,mexico,eBay,Online
T00138,C0235,2025-05-07,242817.0,us,BestBuy,Wire
T00139,C0171,2024-12-05,903.95,Russia,BestBuy,Wire
T00140,C0226,2024-11-24,7135.6,us,Walmart,In-Person
T00141,C0499,2024-08-19,6564.02,uk,BestBuy,In-Person
T00142,C0486,2025.07.02,580.12,mexico,BestBuy,Online
T00143,C0494,2025-02-09,1375.32,US,BestBuy,In-Person
T00144,C0356,2024-09-21,715.86,mexico,Luxury Retailer,Online
T00145,C0167,2025/02/20,670.5,Us,Walmart,Wire
T00146,C0187,2025-02-02,75.17,Us,eBay,In-Person
T00147,C0280,2024-09-13,1880.98,us,Walmart,Online
T00148,C0488,2025/03/27,1397.04,canada,Crypto Exchange,Online
T00149,C0225,2025-04-30,105.7,canada,Walmart,Online
T00150,C0420,2025-02-04,653.25,russia,,In-Person
T00151,C0256,2024-07-16,4777.72,Us,BestBuy,Wire
T00152,C0338,2025-04-14,547.72,us,BestBuy,Wire
T00153,C0038,2025-01-01,313.06,us,eBay,In-Person
T00154,C0206,2025-04-07,1344.54,uk,Crypto Exchange,In-Person
T00155,C0215,2024-09-25,8488.07,UK,Walmart,Wire
T00156,C0360,2024-12-23,554.29,CHINA,eBay,In-Person
T00157,C0469,2025-05-11,2230.31,us,Walmart,In-Person
T00158,C0341,2024-10-27,2867.78,Us,eBay,Online
T00159,C0289,2025-05-24,542.67,germany,eBay,Wire
T00160,C0496,2025-04-01,2605.5,canada,Luxury Retailer,Wire
T00161,C0055,2024-08-01,917.05,us,Amazon,In-Person
T00162,C0383,2025-05-20,2001.01,Uk,eBay,In-Person
T00163,C0114,2025-05-31,2007.68,us,BestBuy,In-Person
T00164,C0302,2025-05-11,1534.77,mexico,Amazon,Online
T00165,C0248,2025-05-10,189.26,Us,BestBuy,
T00166,C0060,2024-12-11,3607.29,russia,Walmart,Wire
T00167,C0160,2025-03-24,773.62,us,Walmart,In-Person
T00168,C0248,2025-01-15,412.86,us,Amazon,In-Person
T00169,C0357,2024-08-29,83.26,us,Amazon,
T00170,C0415,2025-03-08,1787.56,Canada,Amazon,Wire
T00171,C0332,2024-10-31,2263.7,Us,Walmart,In-Person
T00172,C0125,2024-10-07,33.45,uk,eBay,Wire
T00173,C0287,2024-10-12,1435.26,us,BestBuy,Wire
T00174,C0323,2025-03-18,513.65,us,eBay,Wire
T00175,C0203,2024-09-03,2072.25,us,eBay,Online
T00176,C0231,2025-04-09,383.21,uk,BestBuy,In-Person
T00177,C0110,2024-12-17,2348.43,Us,Walmart,Online
T00178,C0296,2025-05-08,977.92,us,Unknown Vendor,Online
T00179,C0188,2024-11-29,5520.69,Us,BestBuy,Wire
T00180,C0344,2024-08-03,295.89,China,eBay,In-Person
T00181,C0161,2024-12-27,834.26,uk,eBay,In-Person
T00182,C0059,2025-02-23,240.89,us,Walmart,In-Person
T00183,C0089,2025-01-08,5172.38,russia,Walmart,Wire
T00184,C0471,2025-02-17,4196.67,mexico,Amazon,Online
T00185,C0161,2024-12-08,596.65,Us,BestBuy,Online
T00186,C0192,2025-01-29,2157.53,Mexico,eBay,Wire
T00187,C0306,2025-01-18,3398.97,us,BestBuy,Online
T00188,C0250,2025-06-29,1620.26,MEXICO,eBay,In-Person
T00189,C0477,2025-06-28,1508.56,GERMANY,eBay,Wire
T00190,C0148,2025-06-08,553.75,us,BestBuy,Wire
T00191,C0318,2025-03-31,195.45,us,BestBuy,Online
T00192,C0249,2024-12-15,4550.25,us,Walmart,In-Person
T00193,C0259,2025/02/02,4613.55,mexico,BestBuy,Wire
T00194,C0213,2024-07-20,2005.34,canada,BestBuy,Online
T00195,C0043,2025-05-09,828.09,UK,Walmart,Online
T00196,C0150,2024-11-22,859.14,us,Amazon,Wire
T00197,C0087,2025-04-04,2588.93,canada,,Wire
T00198,C0282,2025-06-18,4548.19,UK,eBay,Wire
T00199,C0397,2025-05-17,4362.27,uk,Luxury Retailer,In-Person
T00200,C0422,2025-01-30,3027.12,canada,Walmart,Wire
T00201,C0280,2025-02-21,2054.62,us,BestBuy,In-Person
T00202,C0425,2025-03-10,175.78,Mexico,Amazon,Online
T00203,C0231,2025-06-26,352.59,us,Unknown Vendor,Online
T00204,C0225,2024-08-08,4576.46,CHINA,Amazon,Online
T00205,C0108,2024-08-17,1864.99,russia,eBay,Wire
T00206,C0441,2025-04-30,18.48,CANADA,eBay,Online
T00207,C0316,2024-10-10,213.99,Us,Amazon,Online
T00208,C0413,2025-03-18,2178.32,Us,BestBuy,Wire
T00209,C0306,2025-03-21,10.15,UK,BestBuy,
T00210,C0150,2024-11-20,350.63,us,Amazon,In-Person
T00211,C0461,2024-09-08,1591.4,mexico,Amazon,Wire
T00212,C0471,2025-03-14,2354.63,us,Amazon,In-Person
T00213,C0065,2025-02-28,2110.88,canada,Amazon,Online
T00214,C0365,2024-07-23,507.9,us,Amazon,In-Person
T00215,C0202,2025-02-09,2490.83,us,eBay,Wire
T00216,C0322,2025-03-13,541.65,us,BestBuy,
T00217,C0407,2025-03-26,787.27,china,Amazon,In-Person
T00218,C0384,2025-03-14,2744.72,us,Crypto Exchange,Wire
T00219,C0233,2024-12-08,2097.55,germany,BestBuy,Online
T00220,C0445,2025-04-24,3783.91,canada,Walmart,In-Person
T00221,C0498,2024-11-11,2143.63,Us,eBay,Wire
T00222,C0436,2025/05/11,1680.09,us,eBay,Online
T00223,C0496,2024.12.20,19671.0,Us,Amazon,Wire
T00224,C0166,2024-08-16,916.83,russia,BestBuy,In-Person
T00225,C0067,2024-07-10,616.32,uk,BestBuy,Wire
T00226,C0458,2024-08-13,559.4,mexico,Amazon,Online
T00227,C0321,2024-10-14,7224.62,canada,BestBuy,Online
T00228,C0476,2024.09.30,998.77,China,BestBuy,Online
T00229,C0491,2025-01-20,4452.11,US,Luxury Retailer,Online
T00230,C0452,2025-04-22,1994.67,mexico,Amazon,Wire
T00231,C0048,2025-01-23,3167.65,mexico,Amazon,
T00232,C0341,2025-02-07,1396.87,BRAZIL,Amazon,Wire
T00233,C0321,2025-02-16,1720.31,us,eBay,Online
T00234,C0220,2025-03-30,1356.59,mexico,Walmart,Online
T00235,C0110,2025-02-14,434.43,us,Amazon,Online
T00236,C0266,2024-09-29,2563.52,mexico,Amazon,In-Person
T00237,C0176,2024-12-26,659.15,Russia,Luxury Retailer,Wire
T00238,C0356,2024-11-28,49.23,us,Amazon,Wire
T00239,C0046,2024-12-04,2073.94,canada,Amazon,Wire
T00240,C0189,2025-01-01,389.87,china,Amazon,Online
T00241,C0329,2025-05-01,5642.17,germany,Amazon,In-Person
T00242,C0289,2025-03-26,6155.12,us,eBay,Wire
T00243,C0180,2025-02-19,4927.02,canada,eBay,
T00244,C0471,2025-03-31,924.57,us,eBay,Online
T00245,C0045,2025-01-16,31.15,China,Amazon,Online
T00246,C0302,2024-09-02,5271.05,Canada,BestBuy,Wire
T00247,C0162,2024-11-16,1117.88,Canada,Amazon,In-Person
T00248,C0044,2024-07-15,6801.68,us,eBay,In-Person
T00249,C0312,2025-01-09,6627.47,Us,Crypto Exchange,Online
T00250,C0435,2024-08-15,3834.77,russia,Unknown Vendor,Online
T00251,C0266,2024-10-28,697.55,Mexico,Amazon,Wire
T00252,C0152,2024-12-14,972.58,mexico,Walmart,Online
T00253,C0254,2025-06-28,3809.45,us,Amazon,In-Person
T00254,C0305,2024-08-08,762.29,us,Unknown Vendor,Online
T00255,C0185,2024-08-20,371.44,Brazil,Amazon,In-Person
T00256,C0216,2025-05-24,1627.47,US,eBay,Wire
T00257,C0489,2025-07-06,5502.59,Germany,Amazon,In-Person
T00258,C0035,2025-04-15,2381.65,US,Amazon,Online
T00259,C0486,2024-08-30,1688.22,CANADA,eBay,In-Person
T00260,C0365,2024-11-18,204.46,UK,BestBuy,In-Person
T00261,C0206,2024-11-04,1909.06,US,eBay,In-Person
T00262,C0079,2024-11-16,9221.14,us,BestBuy,In-Person
T00263,C0472,2024.12.29,301.84,US,Walmart,
T00264,C0168,2025-05-06,1460.99,us,eBay,In-Person
T00265,C0349,2024-09-24,4197.22,MEXICO,BestBuy,Wire
T00266,C0374,2025-01-24,2700.07,germany,Amazon,Online
T00267,C0045,2025-01-09,2388.15,BRAZIL,Amazon,In-Person
T00268,C0312,2024-11-18,2424.58,us,eBay,In-Person
T00269,C0380,2025-01-06,890.98,us,Amazon,Online
T00270,C0360,2024-08-12,695.12,Us,BestBuy,Wire
T00271,C0268,2024-12-23,3314.75,uk,Walmart,Wire
T00272,C0086,2025-04-12,3322.66,us,Walmart,Wire
T00273,C0376,2025-04-02,4035.9,china,Walmart,Online
T00274,C0172,2024-12-28,4889.23,russia,Amazon,Online
T00275,C0135,2024-11-06,1432.19,Canada,eBay,Online
T00276,C0255,2024-08-01,1392.37,us,BestBuy,Wire
T00277,C0440,2024-10-30,3201.9,uk,BestBuy,Wire
T00278,C0396,2024-07-23,2099.44,Us,eBay,In-Person
T00279,C0060,2025-05-16,2421.1,Us,eBay,Online
T00280,C0440,2025-04-08,3177.24,china,Amazon,Wire
T00281,C0187,2024-08-19,4414.65,Us,Amazon,Online
T00282,C0284,2024-07-14,824.96,russia,Walmart,In-Person
T00283,C0215,2025-05-31,941.87,Us,Amazon,In-Person
T00284,C0164,2024-11-16,197.39,US,Amazon,Wire
T00285,C0062,2025-03-14,1726.83,uk,Crypto Exchange,Online
T00286,C0115,2024-08-17,73.21,russia,Luxury Retailer,Wire
T00287,C0036,2025-03-25,1253.21,china,Unknown Vendor,Wire
T00288,C0168,2025-05-12,1564.59,US,BestBuy,Wire
T00289,C0103,2024-09-07,675.26,us,Walmart,In-Person
T00290,C0319,2025-07-02,1787.27,us,BestBuy,Wire
T00291,C0396,2025-04-19,61.95,canada,Walmart,In-Person
T00292,C0390,2024-10-08,76.13,canada,Amazon,Wire
T00293,C0013,2025-01-22,3458.7,US,BestBuy,In-Person
T00294,C0450,2024-09-11,893.17,Us,BestBuy,In-Person
T00295,C0193,2025.02.05,271.78,russia,Walmart,Online
T00296,C0106,2024-09-06,1477.31,uk,Amazon,Wire
T00297,C0493,2024-11-11,2939.3,us,Luxury Retailer,In-Person
T00298,C0144,2025-02-08,486.24,Us,Crypto Exchange,In-Person
T00299,C0212,2024-12-18,1950.44,canada,BestBuy,In-Person
T00300,C0044,2025-01-01,178.42,UK,eBay,In-Person
T00301,C0420,2024-10-04,106.13,Us,eBay,Online
T00302,C0223,2025-05-11,1515.82,mexico,Amazon,Wire
T00303,C0134,2024-12-10,1555.82,china,Crypto Exchange,Wire
T00304,C0359,2025-03-07,2029.07,Russia,BestBuy,Wire
T00305,C0140,2024-09-15,2589.92,us,Crypto Exchange,Online
T00306,C0400,2024-09-16,7447.11,canada,Amazon,Online
T00307,C0085,2025-03-11,1452.58,us,BestBuy,Online
T00308,C0275,2025/03/18,780.04,us,Walmart,Wire
T00309,C0158,2024-12-20,3171.31,us,,Online
T00310,C0081,2024-12-06,631.7,russia,BestBuy,In-Person
T00311,C0357,2024-07-17,1155.97,mexico,Amazon,Wire
T00312,C0076,2025-04-18,163.41,us,Amazon,Wire
T00313,C0203,2025-03-01,51.36,uk,eBay,Wire
T00314,C0420,2025-06-13,6574.76,germany,Amazon,Wire
T00315,C0438,2024-09-20,3615.54,us,Walmart,Online
T00316,C0049,2024-12-27,2381.29,US,Walmart,Online
T00317,C0063,2025-02-20,1051.72,us,Walmart,Online
T00318,C0067,2024-12-19,380.61,us,BestBuy,In-Person
T00319,C0323,2024-12-04,340.24,brazil,Amazon,In-Person
T00320,C0133,2024-07-07,576.01,Brazil,Amazon,Online
T00321,C0102,2025-04-05,1593.58,BRAZIL,BestBuy,Online
T00322,C0048,2024-09-27,2507.7,Brazil,Walmart,Wire
T00323,C0063,2024-09-23,2158.78,Us,BestBuy,Online
T00324,C0474,2024-10-22,656.82,uk,Walmart,Wire
T00325,C0255,2025-04-24,6196.21,Us,eBay,Online
T00326,C0182,2025-04-05,2678.03,US,Amazon,Wire
T00327,C0229,2025-05-16,1616.46,China,Amazon,In-Person
T00328,C0316,2025-05-11,1892.06,us,Amazon,Wire
T00329,C0452,2024-07-30,1088.08,uk,Amazon,Wire
T00330,C0197,2025-02-15,569.32,us,Amazon,In-Person
T00331,C0128,2024-08-14,880.03,mexico,,Online
T00332,C0196,2025-05-12,2836.36,canada,BestBuy,In-Person
T00333,C0401,2025-06-09,29.0,us,Crypto Exchange,In-Person
T00334,C0165,2025.01.30,246.76,us,Amazon,Wire
T00335,C0306,2024-09-16,94.19,Us,Unknown Vendor,Wire
T00336,C0030,2024-11-25,83.16,russia,BestBuy,Wire
T00337,C0393,2024-11-09,3868.41,UK,Amazon,Online
T00338,C0052,2024-09-20,2432.48,Us,Amazon,In-Person
T00339,C0418,2024-12-30,1285.57,CANADA,Walmart,Online
T00340,C0295,2024-08-19,205.91,Russia,Walmart,Wire
T00341,C0479,2024-10-15,1353.04,russia,Walmart,Online
T00342,C0122,2025-03-23,1282.9,uk,Walmart,In-Person
T00343,C0184,2025-06-06,380.39,brazil,Amazon,In-Person
T00344,C0181,2025-01-12,1137.8,BRAZIL,eBay,In-Person
T00345,C0486,2025-01-26,1016.67,Us,,Wire
T00346,C0278,2025-03-11,1913.44,us,,Online
T00347,C0029,2024.11.04,2016.23,us,Amazon,In-Person
T00348,C0245,2025-02-22,92.72,us,Crypto Exchange,Online
T00349,C0413,2024-12-03,938.77,US,Walmart,Wire
T00350,C0031,2025-02-28,1966.25,us,eBay,Online
T00351,C0397,2024-12-05,139888.0,us,eBay,Wire
T00352,C0492,2025-02-18,3882.7,Us,Walmart,In-Person
T00353,C0203,2024-08-19,2149.95,Uk,BestBuy,Wire
T00354,C0070,2024-11-18,355.71,germany,Walmart,Wire
T00355,C0406,2024-11-19,146.36,mexico,BestBuy,Wire
T00356,C0090,2025-05-30,2056.79,canada,eBay,In-Person
T00357,C0403,2024-12-30,53.74,us,eBay,Online
T00358,C0194,2025-03-02,1762.69,us,eBay,Online
T00359,C0091,2024-09-11,5634.51,canada,Crypto Exchange,In-Person
T00360,C0201,2025-05-18,1713.56,china,Walmart,In-Person
T00361,C0017,2025-03-24,982.6,us,BestBuy,In-Person
T00362,C0114,2025-04-06,2061.65,Mexico,Amazon,Wire
T00363,C0073,2025-05-12,1225.91,Us,Amazon,Wire
T00364,C0164,2024/10/29,1577.63,Us,Unknown Vendor,Online
T00365,C0421,2025-06-27,5676.25,canada,eBay,Wire
T00366,C0229,2025-03-01,975.86,us,Amazon,In-Person
T00367,C0035,2025-02-20,6498.18,us,Walmart,In-Person
T00368,C0001,2024-08-07,4715.15,US,BestBuy,Wire
T00369,C0497,2025-03-24,435.79,us,BestBuy,Wire
T00370,C0180,2024-08-27,143.77,Uk,Amazon,Wire
T00371,C0404,2024-11-04,212.45,china,eBay,In-Person
T00372,C0116,2024-08-20,36.78,Us,Amazon,Online
T00373,C0151,2024-10-06,198.41,us,Amazon,
T00374,C0038,2024-11-01,2297.75,us,Unknown Vendor,Online
T00375,C0375,2024-08-20,147.7,us,Crypto Exchange,Online
T00376,C0174,2024-09-15,768.31,uk,eBay,Wire
T00377,C0361,2024-11-27,3727.05,US,Crypto Exchange,Online
T00378,C0311,2025-04-01,47.09,china,Amazon,Online
T00379,C0170,2024-08-29,3369.06,us,Amazon,In-Person
T00380,C0284,2025-01-20,662.17,canada,Walmart,Wire
T00381,C0339,2024-12-03,251.5,Us,,Online
T00382,C0202,2024-12-15,2386.31,Uk,Walmart,Online
T00383,C0028,2025-02-22,1982.8,us,BestBuy,Wire
T00384,C0422,2024-08-28,4198.83,mexico,eBay,Online
T00385,C0050,2025-02-14,2656.59,us,Amazon,Wire
T00386,C0042,2024-12-02,3253.99,Us,Amazon,Wire
T00387,C0242,2024-12-17,662.67,us,eBay,Online
T00388,C0329,2024-09-16,390.67,uk,Amazon,Wire
T00389,C0190,2025-01-11,2777.51,us,Amazon,Wire
T00390,C0239,2025-03-09,3288.42,us,Walmart,In-Person
T00391,C0032,2025-01-30,9314.01,us,eBay,Online
T00392,C0044,2025-04-01,1064.16,mexico,Walmart,Wire
T00393,C0498,2025-06-27,930.49,Canada,Amazon,Online
T00394,C0431,2025-03-13,299591.0,us,eBay,In-Person
T00395,C0352,2025-07-02,833.47,china,BestBuy,Online
T00396,C0244,2024-09-11,5340.28,us,BestBuy,In-Person
T00397,C0018,2025-02-06,3909.68,Uk,Crypto Exchange,In-Person
T00398,C0347,2024-09-08,1120.71,germany,Amazon,Wire
T00399,C0089,2025-01-12,2779.57,brazil,Amazon,Online
T00400,C0414,2024-10-26,2809.27,Us,Amazon,Online
T00401,C0350,2024-08-29,217.68,us,Luxury Retailer,In-Person
T00402,C0076,2024-09-16,4656.89,russia,Amazon,In-Person
T00403,C0469,2024-11-05,140741.0,russia,,In-Person
T00404,C0204,2025-05-28,3502.67,uk,Unknown Vendor,In-Person
T00405,C0235,2024/12/28,771.47,brazil,Amazon,In-Person
T00406,C0320,2025-03-03,4517.58,uk,Walmart,Online
T00407,C0213,2024-07-26,985.98,us,eBay,In-Person
T00408,C0389,2025-06-07,21.79,germany,Amazon,Online
T00409,C0289,2024-11-22,4715.81,Canada,Walmart,In-Person
T00410,C0451,2024-07-09,191.45,Us,,Wire
T00411,C0336,2025-01-10,769.31,us,eBay,Online
T00412,C0089,2024-08-28,5993.94,Us,Amazon,In-Person
T00413,C0349,2024-09-19,6015.9,mexico,Amazon,Wire
T00414,C0354,2025-05-18,1703.99,us,Walmart,Wire
T00415,C0460,2024-12-02,1998.46,Us,BestBuy,Wire
T00416,C0160,2025-02-09,1190.03,US,BestBuy,In-Person
T00417,C0351,2025-01-18,694.05,US,Unknown Vendor,Online
T00418,C0154,2025-03-16,796.97,germany,BestBuy,
T00419,C0138,2025-01-14,2232.65,canada,eBay,Online
T00420,C0097,2024-12-11,2791.68,us,Crypto Exchange,Wire
T00421,C0380,2025-03-28,3136.39,us,eBay,Wire
T00422,C0421,2025-01-12,3117.66,us,Walmart,Online
T00423,C0160,2024-12-14,191.27,CANADA,BestBuy,
T00424,C0451,2025-04-07,1364.1,uk,Amazon,Online
T00425,C0429,2025-05-28,118.56,us,Amazon,Online
T00426,C0471,2024-12-25,1594.92,us,Amazon,Wire
T00427,C0422,2025-01-11,1165.11,us,BestBuy,Online
T00428,C0349,2024-09-08,4373.24,US,BestBuy,In-Person
T00429,C0229,2024-08-07,864.38,Us,Unknown Vendor,In-Person
T00430,C0283,2025-02-10,249.01,us,Amazon,Wire
T00431,C0384,2024-07-17,308.62,Russia,Amazon,Online
T00432,C0198,2025-05-11,2866.86,us,Unknown Vendor,
T00433,C0439,2025-04-27,1925.81,Us,Amazon,Online
T00434,C0138,2024-09-29,213.22,mexico,eBay,In-Person
T00435,C0005,2024-10-27,175.71,us,Amazon,Online
T00436,C0308,2024-07-18,2414.42,russia,Amazon,In-Person
T00437,C0413,2024.10.20,151.09,brazil,Walmart,In-Person
T00438,C0330,2024-10-01,3450.37,US,Unknown Vendor,Wire
T00439,C0236,2025-01-30,2450.0,Us,,In-Person
T00440,C0267,2024-10-26,169.7,russia,BestBuy,Online
T00441,C0004,2024-09-09,177.31,uk,eBay,Wire
T00442,C0288,2025-05-05,8630.92,MEXICO,eBay,Wire
T00443,C0351,2024-12-30,937.68,Us,Amazon,Wire
T00444,C0328,2025-02-10,926.11,us,Amazon,In-Person
T00445,C0365,2025/04/20,3351.15,germany,eBay,Online
T00446,C0077,2025-05-02,5884.33,uk,Amazon,Online
T00447,C0413,2025-04-29,8537.55,china,Walmart,Wire
T00448,C0339,2025-01-14,2799.8,us,Amazon,Online
T00449,C0336,2025-02-04,944.04,us,Amazon,Wire
T00450,C0208,2025-01-20,174.39,Us,Amazon,In-Person
T00451,C0293,2024-08-18,3002.49,Russia,BestBuy,In-Person
T00452,C0114,2025.02.13,1634.72,mexico,eBay,Wire
T00453,C0465,2024-08-19,1104.07,brazil,BestBuy,Wire
T00454,C0433,2024-10-18,4736.48,Us,eBay,In-Person
T00455,C0093,2025-05-03,235.76,Us,BestBuy,In-Person
T00456,C0133,2025-02-01,1357.01,Canada,eBay,Online
T00457,C0485,2025-05-21,22.84,Mexico,BestBuy,Online
T00458,C0114,2024-11-25,1264.71,us,,Wire
T00459,C0216,2025/02/01,115.9,Canada,,Wire
T00460,C0300,2025-05-21,252.98,us,Unknown Vendor,Wire
T00461,C0028,2025-04-25,250.05,China,eBay,In-Person
T00462,C0037,2024-07-22,2095.14,US,Amazon,Online
T00463,C0445,2025-04-27,2741.2,mexico,eBay,Wire
T00464,C0028,2025-04-11,1751.11,china,Amazon,Online
T00465,C0176,2024-12-24,6549.44,us,eBay,Wire
T00466,C0074,2025-02-03,939.59,Us,Walmart,Online
T00467,C0250,2024.09.28,672.94,US,Luxury Retailer,Wire
T00468,C0325,2024-12-18,4059.01,us,BestBuy,Online
T00469,C0390,2024-08-14,506.16,canada,eBay,Online
T00470,C0251,2025-04-17,6605.74,canada,Walmart,Online
T00471,C0315,2025-05-24,24.46,us,BestBuy,Wire
T00472,C0495,2025-03-16,7005.05,us,Amazon,In-Person
T00473,C0103,2025-04-23,88.24,Canada,Luxury Retailer,Wire
T00474,C0388,2024-10-10,4435.44,russia,Amazon,In-Person
T00475,C0003,2024-10-29,150029.0,mexico,Amazon,In-Person
T00476,C0450,2025/06/10,9913.66,us,Amazon,Wire
T00477,C0258,2024-07-18,153.32,uk,Amazon,Online
T00478,C0153,2024-12-27,1614.22,brazil,,In-Person
T00479,C0306,2024-10-16,6967.15,uk,BestBuy,In-Person
T00480,C0069,2024-11-18,1480.89,us,Crypto Exchange,Wire
T00481,C0385,2025-06-05,1985.26,Us,Crypto Exchange,Wire
T00482,C0010,2025-05-19,2379.8,us,Walmart,Online
T00483,C0109,2024-08-08,1212.26,canada,eBay,Online
T00484,C0064,2024-12-23,1975.35,Us,eBay,Online
T00485,C0193,2025-06-07,1755.65,china,Amazon,In-Person
T00486,C0320,2024-08-20,4628.47,US,Luxury Retailer,In-Person
T00487,C0056,2025-05-03,93.02,mexico,Amazon,In-Person
T00488,C0060,2025-05-17,659.69,US,BestBuy,In-Person
T00489,C0130,2024-10-06,6007.99,us,Amazon,In-Person
T00490,C0352,2024-09-25,4419.35,mexico,BestBuy,In-Person
T00491,C0052,2025/05/16,1216.35,Mexico,Amazon,In-Person
T00492,C0359,2025-04-18,1935.87,us,Walmart,Online
T00493,C0262,2025-02-19,649.75,canada,Amazon,Online
T00494,C0402,2025-03-30,416.81,us,Amazon,Online
T00495,C0399,2024-11-19,1246.12,us,,Online
T00496,C0184,2025-06-05,871.91,canada,,Online
T00497,C0281,2025-04-08,1752.49,us,Amazon,Wire
T00498,C0170,2025-02-28,161.84,us,Amazon,Online
T00499,C0465,2025-03-08,7329.92,US,eBay,Wire
T00500,C0077,2024-12-19,8567.73,brazil,Walmart,Online
T00501,C0371,2024-09-08,2395.73,canada,Crypto Exchange,In-Person
T00502,C0119,2025-03-02,1536.16,US,Luxury Retailer,Wire
T00503,C0238,2024-08-29,740.76,Us,,Online
T00504,C0437,2025-05-06,3361.81,Us,Walmart,Wire
T00505,C0219,2024-09-24,2308.66,CANADA,Amazon,Online
T00506,C0005,2025-05-17,354.95,China,eBay,Online
T00507,C0169,2024-09-24,4836.6,us,BestBuy,In-Person
T00508,C0138,2025-05-14,3457.99,china,Amazon,Wire
T00509,C0094,2024-07-29,5983.48,Us,BestBuy,Wire
T00510,C0140,2025-02-12,2587.21,russia,eBay,Wire
T00511,C0410,2024-11-19,1900.81,us,Unknown Vendor,Online
T00512,C0058,2025-01-28,1083.41,us,Walmart,Online
T00513,C0054,2024-10-23,5398.04,us,eBay,In-Person
T00514,C0348,2025-02-22,4020.78,us,eBay,Wire
T00515,C0314,2025-01-31,92.55,Us,eBay,In-Person
T00516,C0499,2024-09-09,53.44,CHINA,BestBuy,Wire
T00517,C0058,2024-11-08,944.7,CHINA,BestBuy,Online
T00518,C0134,2025-04-05,3327.3,mexico,Amazon,In-Person
T00519,C0269,2024-10-27,8728.55,CANADA,eBay,In-Person
T00520,C0115,2024-10-26,326.02,germany,eBay,Wire
T00521,C0266,2025-02-13,1803.45,uk,Walmart,Online
T00522,C0222,2024-10-17,958.95,MEXICO,Amazon,Wire
T00523,C0340,2025-06-04,7007.42,mexico,BestBuy,In-Person
T00524,C0457,2025-01-21,3691.83,germany,Amazon,In-Person
T00525,C0479,2025-06-20,3644.38,us,Walmart,Wire
T00526,C0446,2025-03-26,1264.83,us,Walmart,Wire
T00527,C0124,2025-05-18,1071.67,US,Amazon,In-Person
T00528,C0115,2024-08-11,638.78,uk,BestBuy,Online
T00529,C0041,2024-08-27,116.05,us,Walmart,Wire
T00530,C0046,2025-04-23,4000.85,China,BestBuy,Online
T00531,C0255,2025-05-07,3352.23,canada,Amazon,
T00532,C0212,2024-12-12,16344.89,US,eBay,Online
T00533,C0406,2025-06-27,11389.75,mexico,eBay,Wire
T00534,C0456,2024-07-29,1621.3,Uk,Amazon,In-Person
T00535,C0234,2024-10-21,2930.57,GERMANY,BestBuy,Online
T00536,C0419,2025-06-07,5792.34,US,BestBuy,In-Person
T00537,C0393,2025-03-17,3789.54,Mexico,BestBuy,In-Person
T00538,C0187,2024-08-24,568.3,canada,Amazon,In-Person
T00539,C0114,2025-04-04,1197.65,us,,In-Person
T00540,C0494,2025-06-07,276.59,Canada,eBay,Wire
T00541,C0360,2024-08-26,6160.45,Us,Unknown Vendor,Wire
T00542,C0072,2024-10-10,1863.7,Russia,Walmart,Wire
T00543,C0055,2024-08-31,519.21,us,Amazon,Online
T00544,C0477,2025-04-08,2227.66,china,Amazon,Online
T00545,C0367,2024-11-08,1925.34,Us,Walmart,Online
T00546,C0475,2025-05-23,886.84,mexico,eBay,Online
T00547,C0396,2024-10-10,241.08,CHINA,BestBuy,In-Person
T00548,C0490,2025-04-27,2226.88,uk,Luxury Retailer,
T00549,C0272,2025-05-29,1469.22,canada,eBay,Wire
T00550,C0430,2025-03-25,2959.61,uk,Crypto Exchange,Online
T00551,C0355,2024-12-05,1468.62,Uk,Walmart,Online
T00552,C0054,2025-01-12,3823.54,us,eBay,Wire
T00553,C0259,2024-08-30,160551.0,China,BestBuy,In-Person
T00554,C0469,2025-02-15,1646.23,mexico,Amazon,Wire
T00555,C0494,2025-03-08,4185.52,us,Amazon,Online
T00556,C0071,2024-10-18,1033.29,US,,In-Person
T00557,C0263,2025-03-06,287.78,Us,Walmart,Wire
T00558,C0365,2024-12-13,58.41,canada,eBay,Online
T00559,C0103,2024-11-28,2814.11,us,Walmart,In-Person
T00560,C0177,2024-12-28,1936.8,brazil,Amazon,In-Person
T00561,C0333,2024-08-04,2435.33,Germany,Amazon,In-Person
T00562,C0356,2025-03-09,478.96,Mexico,Walmart,Wire
T00563,C0288,2025-05-10,293.23,us,eBay,In-Person
T00564,C0364,2025.06.12,29.3,US,Walmart,In-Person
T00565,C0147,2025-04-30,863.37,china,BestBuy,Online
T00566,C0268,2024-08-11,1782.79,Us,BestBuy,Online
T00567,C0344,2024-12-09,995.96,Us,Amazon,Online
T00568,C0147,2025-01-22,1150.64,mexico,Amazon,Online
T00569,C0354,2025-04-23,4690.12,canada,Amazon,In-Person
T00570,C0017,2024-10-22,856.21,us,BestBuy,In-Person
T00571,C0445,2025-04-01,1443.05,mexico,eBay,Online
T00572,C0381,2025-07-04,3061.74,mexico,BestBuy,In-Person
T00573,C0402,2025-06-11,1010.16,canada,eBay,In-Person
T00574,C0341,2024-11-26,1946.18,US,BestBuy,Wire
T00575,C0490,2024-12-29,3966.28,CANADA,eBay,In-Person
T00576,C0028,2025-01-11,5972.38,US,Amazon,In-Person
T00577,C0445,2024-11-10,318.16,canada,Unknown Vendor,Online
T00578,C0467,2025-02-17,5223.33,MEXICO,Walmart,Wire
T00579,C0387,2024-07-06,1355.01,uk,Walmart,Online
T00580,C0398,2025-06-08,597.47,canada,Amazon,Wire
T00581,C0091,2025-05-02,1229.17,germany,Amazon,Online
T00582,C0377,2025-05-31,7827.31,uk,BestBuy,Wire
T00583,C0143,2025-04-16,1356.98,Uk,Amazon,In-Person
T00584,C0434,2024-08-11,797.23,us,BestBuy,In-Person
T00585,C0480,2025-04-15,2006.97,us,Amazon,
T00586,C0306,2024-12-31,549.26,Us,Crypto Exchange,In-Person
T00587,C0432,2025-03-09,157.79,MEXICO,BestBuy,In-Person
T00588,C0282,2025-03-20,275.95,us,Walmart,Wire
T00589,C0270,2025-04-02,274.04,us,Amazon,Online
T00590,C0403,2024-11-22,329.52,uk,BestBuy,In-Person
T00591,C0207,2025-06-01,298.92,US,Amazon,Online
T00592,C0340,2024-07-30,2048.17,Us,BestBuy,Online
T00593,C0487,2025-05-11,401.49,canada,eBay,In-Person
T00594,C0422,2025-01-29,848.28,CANADA,eBay,Online
T00595,C0343,2024-12-07,4541.95,us,Amazon,In-Person
T00596,C0315,2024-09-28,1284.76,Brazil,Amazon,Online
T00597,C0350,2024-12-19,2202.58,china,BestBuy,Online
T00598,C0198,2025-05-22,378.26,US,Walmart,Online
T00599,C0467,2024-09-26,427.1,uk,Walmart,In-Person
T00600,C0412,2025-01-14,83.45,Uk,BestBuy,
T00601,C0460,2024-10-18,370.09,mexico,BestBuy,Online
T00602,C0486,2024-11-08,653.1,us,Luxury Retailer,In-Person
T00603,C0274,2025-05-23,389.62,US,Amazon,In-Person
T00604,C0323,2024-10-24,185.77,Canada,Unknown Vendor,Wire
T00605,C0428,2024-11-14,257.11,us,eBay,In-Person
T00606,C0450,2025-02-03,1235.26,Germany,Walmart,In-Person
T00607,C0419,2025-02-15,462.18,brazil,Walmart,Online
T00608,C0013,2024-08-25,905.96,us,BestBuy,Online
T00609,C0038,2025-02-10,1400.01,us,Walmart,In-Person
T00610,C0037,2025-06-02,2344.91,uk,Amazon,Wire
T00611,C0209,2025-01-10,80.21,us,eBay,Wire
T00612,C0162,2025-05-08,3212.99,us,eBay,In-Person
T00613,C0004,2024/11/16,1977.19,mexico,eBay,In-Person
T00614,C0300,2025-06-18,170.59,us,Walmart,Wire
T00615,C0476,2025-03-28,4136.27,uk,Amazon,In-Person
T00616,C0155,2025-04-28,5073.39,mexico,Amazon,Wire
T00617,C0196,2024-07-24,126.05,us,eBay,Wire
T00618,C0081,2024-07-23,648.35,uk,Amazon,Wire
T00619,C0408,2024/08/13,3281.87,canada,eBay,In-Person
T00620,C0074,2025-03-06,2758.71,us,Unknown Vendor,In-Person
T00621,C0332,2025-05-06,407.96,Us,Crypto Exchange,In-Person
T00622,C0448,2025-05-26,469.8,uk,Amazon,Online
T00623,C0294,2024-12-31,925.57,uk,eBay,Online
T00624,C0157,2024-07-12,1325.33,us,Walmart,In-Person
T00625,C0177,2024-08-23,1926.0,Us,Crypto Exchange,In-Person
T00626,C0073,2025-07-01,920.63,Us,Amazon,Wire
T00627,C0100,2025-06-04,1241.78,US,eBay,In-Person
T00628,C0437,2024-09-05,2752.46,us,Walmart,In-Person
T00629,C0237,2024-12-24,74.75,mexico,Amazon,In-Person
T00630,C0035,2024-12-30,581.87,Us,Amazon,In-Person
T00631,C0250,2024-07-06,2498.98,germany,BestBuy,In-Person
T00632,C0336,2024-12-19,4511.53,us,Amazon,Online
T00633,C0461,2024-09-22,1433.56,US,BestBuy,Wire
T00634,C0316,2025-03-30,1519.06,mexico,eBay,Online
T00635,C0290,2025-06-24,226.72,uk,Walmart,Wire
T00636,C0087,2024-08-26,1186.29,us,Amazon,Online
T00637,C0365,2025-06-13,1521.21,canada,BestBuy,Wire
T00638,C0069,2025-03-15,555.39,Mexico,BestBuy,Wire
T00639,C0237,2024-10-31,627.35,Us,Walmart,Wire
T00640,C0283,2024-09-05,947.33,us,eBay,Online
T00641,C0431,2025-06-10,40.55,us,Walmart,In-Person
T00642,C0101,2025-07-03,777.45,us,Unknown Vendor,
T00643,C0373,2025-06-11,475.11,us,Amazon,In-Person
T00644,C0324,2024-10-20,793.5,US,eBay,Wire
T00645,C0394,2024-08-11,255.13,uk,Crypto Exchange,In-Person
T00646,C0134,2025-03-17,4424.16,UK,Luxury Retailer,Wire
T00647,C0335,2024-11-22,1800.8,CANADA,BestBuy,Online
T00648,C0457,2024/10/11,2273.27,canada,Walmart,Wire
T00649,C0069,2024/08/07,3113.42,Us,eBay,Wire
T00650,C0187,2024-11-27,1380.07,uk,eBay,In-Person
T00651,C0351,2025-03-21,181.86,us,eBay,Wire
T00652,C0082,2025-06-22,1540.52,us,Crypto Exchange,In-Person
T00653,C0447,2025-03-15,1767.85,germany,Walmart,Wire
T00654,C0481,2024-09-08,2736.43,Us,Amazon,
T00655,C0119,2024-07-26,1130.07,Us,BestBuy,Online
T00656,C0343,2024-12-06,272.97,US,,Wire
T00657,C0199,2025-03-05,667.52,US,,Online
T00658,C0021,2024-11-01,902.23,germany,BestBuy,In-Person
T00659,C0496,2025-04-13,2076.45,Uk,Walmart,In-Person
T00660,C0135,2025-04-03,1691.56,Uk,eBay,Wire
T00661,C0335,2025-04-25,880.41,us,eBay,Online
T00662,C0265,2024/10/04,8612.39,US,Luxury Retailer,Online
T00663,C0265,2024-12-19,1861.67,us,Walmart,Wire
T00664,C0250,2025-03-17,541.59,CANADA,Unknown Vendor,Online
T00665,C0257,2024-08-10,214.69,china,BestBuy,Online
T00666,C0040,2025-04-05,331.78,UK,Amazon,Online
T00667,C0096,2024-08-11,564.61,us,eBay,Online
T00668,C0339,2024-07-06,350.33,us,Walmart,In-Person
T00669,C0059,2024-09-26,412.98,US,BestBuy,Online
T00670,C0303,2025-01-07,671.21,us,Walmart,Online
T00671,C0125,2024-08-05,380.8,us,eBay,Online
T00672,C0069,2024.08.26,4541.5,MEXICO,Amazon,In-Person
T00673,C0076,2025-02-21,167.27,Us,Amazon,Online
T00674,C0265,2024-10-01,1486.82,GERMANY,eBay,In-Person
T00675,C0327,2025/01/23,1056.61,us,Walmart,In-Person
T00676,C0421,2025-03-27,8077.28,US,Amazon,Wire
T00677,C0311,2024-12-25,237.65,Germany,,Online
T00678,C0113,2024-07-09,1014.52,russia,,In-Person
T00679,C0421,2024-07-09,6978.12,canada,eBay,In-Person
T00680,C0136,2025-04-02,4012.49,Us,eBay,Wire
T00681,C0306,2024-11-16,3397.33,UK,Amazon,Wire
T00682,C0068,2025-05-19,596.55,US,Amazon,In-Person
T00683,C0351,2024-08-21,374.8,us,Amazon,Online
T00684,C0091,2025-06-05,2209.12,us,eBay,Online
T00685,C0450,2024-12-17,5300.77,canada,eBay,Online
T00686,C0048,2025-04-01,1627.3,US,Amazon,In-Person
T00687,C0277,2024-08-26,1695.46,RUSSIA,Unknown Vendor,In-Person
T00688,C0333,2025-01-07,656.95,us,BestBuy,Online
T00689,C0358,2024-08-02,2934.95,Uk,Amazon,Wire
T00690,C0405,2024-10-02,414.16,Canada,BestBuy,In-Person
T00691,C0465,2024-12-01,782.18,canada,eBay,Online
T00692,C0218,2024-08-09,1108.29,US,BestBuy,Online
T00693,C0466,2025-04-15,1416.97,CHINA,Amazon,In-Person
T00694,C0210,2025-05-15,555.23,us,Amazon,In-Person
T00695,C0405,2024-08-14,243.97,us,eBay,In-Person
T00696,C0004,2024-08-15,1886.4,US,Amazon,Wire
T00697,C0210,2024-11-04,681.13,us,Amazon,In-Person
T00698,C0300,2024-11-25,1740.91,us,Unknown Vendor,Wire
T00699,C0290,2025-06-13,335.33,US,Amazon,In-Person
T00700,C0204,2024-10-30,1312.24,canada,BestBuy,In-Person
T00701,C0248,2024-08-28,1521.09,US,eBay,Wire
T00702,C0130,2024-12-01,106.43,germany,eBay,In-Person
T00703,C0204,2025-05-02,820.77,CANADA,Unknown Vendor,In-Person
T00704,C0061,2025-05-17,288.7,canada,BestBuy,In-Person
T00705,C0487,2025-04-24,130.94,us,Amazon,Wire
T00706,C0403,2025-06-10,9202.4,Us,eBay,In-Person
T00707,C0351,2024-08-26,778.26,canada,Amazon,In-Person
T00708,C0003,2025-03-12,3320.14,russia,Walmart,Wire
T00709,C0475,2025-03-25,587.78,mexico,Amazon,Wire
T00710,C0114,2024-08-30,2288.28,us,eBay,In-Person
T00711,C0197,2024-08-01,2856.13,brazil,BestBuy,In-Person
T00712,C0267,2025-01-28,1810.89,US,Luxury Retailer,Online
T00713,C0485,2025-02-09,1275.71,canada,Amazon,Wire
T00714,C0225,2024-07-09,1061.52,Us,Unknown Vendor,In-Person
T00715,C0147,2025-02-28,858.09,us,Walmart,In-Person
T00716,C0265,2025-03-15,5305.11,Mexico,eBay,In-Person
T00717,C0019,2024-09-07,3551.21,us,eBay,
T00718,C0045,2024-12-23,6706.35,germany,Walmart,Wire
T00719,C0343,2024-11-19,265.46,us,eBay,In-Person
T00720,C0008,2025-04-12,2625.1,Canada,Amazon,Online
T00721,C0282,2024-09-26,5572.25,us,Walmart,In-Person
T00722,C0179,2025-03-06,399.91,us,Walmart,Online
T00723,C0311,2025-04-22,137.62,GERMANY,BestBuy,Wire
T00724,C0295,2024-09-02,2702.79,us,Amazon,In-Person
T00725,C0055,2025-06-28,1708.85,uk,eBay,Wire
T00726,C0485,2024-12-12,3688.15,us,eBay,Wire
T00727,C0449,2025-03-02,301.12,Uk,Walmart,Wire
T00728,C0356,2025-03-29,3172.1,us,BestBuy,Wire
T00729,C0395,2024-12-24,450.36,Us,,Wire
T00730,C0349,2025-06-04,357.43,us,eBay,Online
T00731,C0247,2024-09-28,358.89,us,Amazon,In-Person
T00732,C0404,2024-08-08,3370.21,GERMANY,eBay,Online
T00733,C0410,2025-06-19,2188.43,us,Luxury Retailer,In-Person
T00734,C0275,2024-08-14,1480.75,us,Walmart,Online
T00735,C0148,2024-08-29,888.92,us,eBay,Wire
T00736,C0039,2025-04-24,4194.41,uk,Amazon,Wire
T00737,C0182,2024-08-22,996.63,us,eBay,Online
T00738,C0485,2025-02-19,3392.17,canada,Crypto Exchange,Online
T00739,C0256,2025-04-15,1156.55,CANADA,Amazon,Online
T00740,C0447,2024-12-02,946.24,Us,Amazon,Online
T00741,C0429,2024-11-19,1242.32,mexico,Amazon,Online
T00742,C0062,2024-12-19,717.29,brazil,eBay,In-Person
T00743,C0253,2024-11-05,2753.55,mexico,Walmart,In-Person
T00744,C0491,2025-05-09,1397.21,us,BestBuy,In-Person
T00745,C0162,2024-08-29,528.49,us,Luxury Retailer,In-Person
T00746,C0445,2024-10-10,4596.68,us,Amazon,In-Person
T00747,C0144,2024/10/21,968.66,us,Walmart,Online
T00748,C0028,2025.03.13,1568.56,uk,,In-Person
T00749,C0017,2024-08-07,4738.99,Uk,,In-Person
T00750,C0398,2024-10-10,1957.6,Us,Luxury Retailer,In-Person
T00751,C0266,2025-02-05,248.63,Us,eBay,Online
T00752,C0346,2025-02-24,5621.23,US,eBay,Wire
T00753,C0186,2025-02-24,1976.15,mexico,Amazon,In-Person
T00754,C0135,2025-04-12,815.65,us,BestBuy,In-Person
T00755,C0176,2025-02-26,299.95,US,BestBuy,Online
T00756,C0215,2024-10-24,3160.0,canada,BestBuy,Wire
T00757,C0144,2025-05-04,1935.55,us,eBay,In-Person
T00758,C0352,2025-07-06,1524.83,us,Amazon,Wire
T00759,C0412,2025-03-31,4486.61,us,BestBuy,Wire
T00760,C0101,2024-07-16,3107.98,Us,Luxury Retailer,Online
T00761,C0243,2025-05-31,328.98,russia,Amazon,Wire
T00762,C0069,2025-05-30,747.13,germany,Walmart,In-Person
T00763,C0274,2025-03-18,571.34,canada,Walmart,Wire
T00764,C0129,2025-06-11,272474.0,uk,eBay,Wire
T00765,C0051,2024-10-31,68.22,mexico,Amazon,Wire
T00766,C0244,2024-09-23,1687.43,russia,Amazon,In-Person
T00767,C0172,2025-01-23,2874.83,Us,BestBuy,In-Person
T00768,C0478,2025-02-26,4187.33,russia,BestBuy,Wire
T00769,C0063,2025-01-19,837.35,us,eBay,In-Person
T00770,C0102,2024-09-17,3443.62,uk,eBay,In-Person
T00771,C0090,2025-04-22,234.49,GERMANY,Amazon,Wire
T00772,C0345,2024-12-05,3747.49,uk,Walmart,Wire
T00773,C0456,2024-10-28,272.76,us,eBay,Wire
T00774,C0324,2025-03-13,1012.63,germany,Unknown Vendor,In-Person
T00775,C0414,2024-07-27,3192.01,BRAZIL,BestBuy,
T00776,C0293,2025-05-06,324.84,US,Crypto Exchange,Online
T00777,C0083,2025.06.19,520.79,us,BestBuy,In-Person
T00778,C0150,2025-05-10,2562.09,CANADA,eBay,Wire
T00779,C0139,2024-10-06,2546.19,china,Walmart,Wire
T00780,C0383,2025-01-14,2049.69,UK,Luxury Retailer,Wire
T00781,C0086,2024-12-02,2368.0,us,Amazon,In-Person
T00782,C0121,2024-08-18,1564.94,Mexico,Crypto Exchange,In-Person
T00783,C0384,2024-10-07,580.17,us,Amazon,Online
T00784,C0049,2025-01-16,848.37,us,Unknown Vendor,In-Person
T00785,C0028,2025-03-10,400.8,us,BestBuy,Online
T00786,C0054,2025-02-21,4781.75,us,Amazon,In-Person
T00787,C0477,2024-08-02,1751.22,CHINA,BestBuy,Online
T00788,C0378,2025-01-27,1024.49,Us,eBay,Online
T00789,C0270,2025/06/16,1239.82,russia,Amazon,In-Person
T00790,C0183,2024-07-10,5885.65,china,BestBuy,Wire
T00791,C0240,2024-11-23,332.94,germany,eBay,Wire
T00792,C0281,2025-07-03,1764.89,us,Luxury Retailer,In-Person
T00793,C0277,2024-11-05,1409.99,us,eBay,In-Person
T00794,C0384,2024-08-26,1890.69,mexico,eBay,In-Person
T00795,C0328,2024-12-03,36.55,MEXICO,BestBuy,Wire
T00796,C0247,2025-06-05,4113.39,UK,Walmart,Wire
T00797,C0158,2025-05-27,5379.98,us,Amazon,Wire
T00798,C0006,2025-02-11,1665.43,us,Walmart,Online
T00799,C0177,2024-12-16,2385.74,us,eBay,In-Person
T00800,C0473,2024-11-24,5114.94,Us,Walmart,Wire
T00801,C0005,2025-02-03,2456.79,Canada,Walmart,In-Person
T00802,C0119,2025-03-28,331.02,canada,eBay,Online
T00803,C0211,2024-09-11,1717.4,china,BestBuy,Online
T00804,C0084,2025-04-28,1866.44,canada,eBay,Wire
T00805,C0113,2025-01-04,1103.75,Us,BestBuy,Online
T00806,C0265,2025-05-01,2666.98,canada,Crypto Exchange,In-Person
T00807,C0351,2024-08-03,5447.35,us,eBay,In-Person
T00808,C0415,2024-07-12,5195.75,US,Amazon,Online
T00809,C0094,2025-02-19,1198.73,us,Amazon,Wire
T00810,C0317,2024-08-01,240.36,us,Walmart,
T00811,C0097,2024-07-11,8378.35,us,Amazon,In-Person
T00812,C0012,2024-10-15,3651.44,Us,Amazon,Wire
T00813,C0065,2024-09-27,266.29,Canada,Walmart,Online
T00814,C0047,2024-07-21,5072.62,US,BestBuy,Wire
T00815,C0216,2025-06-29,4078.85,us,Walmart,Wire
T00816,C0238,2024-07-29,1463.1,mexico,Amazon,Online
T00817,C0432,2025-05-08,1789.43,CANADA,Amazon,Wire
T00818,C0398,2024-12-07,1018.33,US,eBay,Online
T00819,C0099,2025-01-18,112.64,china,Amazon,Wire
T00820,C0425,2024-10-25,816.53,us,Luxury Retailer,In-Person
T00821,C0128,2025-03-07,3247.62,US,Luxury Retailer,Online
T00822,C0378,2025-04-08,9.29,germany,Amazon,In-Person
T00823,C0395,2025-01-16,811.43,US,eBay,Online
T00824,C0243,2025-04-29,1015.56,us,Luxury Retailer,Wire
T00825,C0082,2024-12-14,1541.77,MEXICO,Amazon,In-Person
T00826,C0267,2024-12-17,5047.85,us,BestBuy,Wire
T00827,C0102,2025/04/04,850.35,US,Amazon,In-Person
T00828,C0112,2024-12-09,852.21,germany,Amazon,Wire
T00829,C0167,2024-08-07,2675.02,us,Walmart,In-Person
T00830,C0062,2025-03-11,1203.76,us,Amazon,Online
T00831,C0298,2025-01-30,508.76,Canada,BestBuy,In-Person
T00832,C0080,2025-01-30,1204.56,us,,Online
T00833,C0256,2025-03-02,303.64,us,eBay,In-Person
T00834,C0031,2024-09-03,388.11,us,eBay,In-Person
T00835,C0275,2024-10-21,1379.78,canada,Amazon,Online
T00836,C0163,2024-08-07,1085.75,germany,Walmart,Wire
T00837,C0413,2024-11-03,4926.59,china,Walmart,Online
T00838,C0353,2024-08-05,900.07,US,Walmart,Wire
T00839,C0461,2025-01-20,1737.8,us,Walmart,In-Person
T00840,C0151,2025-06-28,2000.78,uk,BestBuy,In-Person
T00841,C0096,2024-09-22,26.36,Uk,BestBuy,Wire
T00842,C0141,2025-05-15,2178.54,china,eBay,In-Person
T00843,C0083,2024-09-04,392.12,US,Amazon,Wire
T00844,C0420,2025-01-30,6492.0,Us,BestBuy,Online
T00845,C0398,2024-11-09,321.89,MEXICO,BestBuy,
T00846,C0453,2024-12-04,1071.0,us,Unknown Vendor,In-Person
T00847,C0123,2025-02-18,178.43,us,Amazon,In-Person
T00848,C0420,2025-03-09,11536.16,us,eBay,Wire
T00849,C0393,2025-04-28,1395.09,UK,eBay,Wire
T00850,C0210,2025-05-26,1809.64,mexico,Amazon,In-Person
T00851,C0338,2025-03-15,138.86,us,Walmart,Online
T00852,C0092,2025/03/27,2772.27,china,Amazon,Wire
T00853,C0099,2025-03-12,471.21,Us,eBay,Wire
T00854,C0337,2024-07-31,4566.63,us,eBay,In-Person
T00855,C0132,2024-11-03,459.18,us,Amazon,In-Person
T00856,C0037,2025-04-03,423.14,Us,Crypto Exchange,In-Person
T00857,C0252,2024-12-22,74.47,Brazil,Walmart,Wire
T00858,C0411,2025-04-15,1277.57,mexico,BestBuy,In-Person
T00859,C0481,2025-05-30,1664.09,china,Walmart,
T00860,C0030,2024-10-06,135.93,russia,Amazon,Online
T00861,C0376,2024.07.28,2988.01,us,BestBuy,Online
T00862,C0492,2024-10-08,1207.67,uk,Amazon,Online
T00863,C0273,2024-08-08,1486.32,us,Amazon,In-Person
T00864,C0128,2025-06-30,1162.36,uk,Crypto Exchange,In-Person
T00865,C0384,2024-12-21,1024.2,uk,Walmart,In-Person
T00866,C0296,2024-08-20,1640.33,us,BestBuy,In-Person
T00867,C0219,2024-12-29,337.41,china,Amazon,Online
T00868,C0282,2025-02-28,401.61,us,BestBuy,Online
T00869,C0274,2025-02-27,3957.9,germany,BestBuy,Wire
T00870,C0463,2024-07-27,5841.82,us,Luxury Retailer,Wire
T00871,C0433,2024-11-03,934.6,Us,Walmart,Wire
T00872,C0423,2025/03/21,631.46,canada,eBay,In-Person
T00873,C0280,2025-04-20,2065.65,us,Walmart,In-Person
T00874,C0131,2025-03-18,1050.98,us,BestBuy,Wire
T00875,C0001,2025-04-19,51.43,canada,Luxury Retailer,In-Person
T00876,C0009,2024-09-12,339.57,uk,Luxury Retailer,Wire
T00877,C0004,2024-08-21,2517.37,Us,Amazon,Wire
T00878,C0012,2024-07-10,2151.3,canada,Crypto Exchange,Wire
T00879,C0471,2025-04-06,54.94,uk,eBay,
T00880,C0080,2024-08-28,501.99,us,BestBuy,Online
T00881,C0071,2025-04-04,525.52,US,Unknown Vendor,Online
T00882,C0120,2024-07-10,2228.83,us,BestBuy,In-Person
T00883,C0205,2024-09-07,39.81,uk,Amazon,Online
T00884,C0371,2025-01-14,219.87,Us,BestBuy,Wire
T00885,C0423,2024-11-17,3218.04,china,Walmart,Online
T00886,C0305,2025-01-25,393.36,Mexico,Amazon,In-Person
T00887,C0196,2025-01-22,2115.4,us,Amazon,Wire
T00888,C0179,2025-05-06,54410.0,china,BestBuy,Online
T00889,C0446,2025-05-21,209.48,Canada,Walmart,In-Person
T00890,C0476,2025-04-11,557.24,us,Walmart,Wire
T00891,C0028,2024-10-14,2562.19,us,Amazon,In-Person
T00892,C0290,2024-09-08,3871.67,Us,eBay,Online
T00893,C0079,2024-11-27,3546.5,us,Walmart,Wire
T00894,C0498,2024-08-24,1012.28,us,eBay,In-Person
T00895,C0047,2025-04-23,2205.75,Us,Amazon,Wire
T00896,C0076,2025-05-05,458.79,us,Amazon,In-Person
T00897,C0382,2025-06-10,693.87,US,BestBuy,Online
T00898,C0205,2024-10-18,4533.2,UK,Walmart,Online
T00899,C0391,2025-04-16,26.17,us,eBay,Wire
T00900,C0203,2025-06-15,178.77,mexico,Amazon,In-Person
T00901,C0377,2024-08-20,466.1,uk,Amazon,Wire
T00902,C0398,2025-05-01,53.78,US,eBay,In-Person
T00903,C0046,2025-06-20,400.41,us,BestBuy,Wire
T00904,C0179,2024-07-17,1749.54,US,BestBuy,In-Person
T00905,C0013,2024-11-13,1094.37,Canada,Amazon,Wire
T00906,C0316,2025-05-15,4463.73,RUSSIA,Walmart,In-Person
T00907,C0075,2024-12-19,3401.39,us,Crypto Exchange,Online
T00908,C0103,2024-10-19,836.55,mexico,Amazon,In-Person
T00909,C0437,2025-01-25,600.65,US,Walmart,Online
T00910,C0486,2024-07-30,955.08,mexico,Amazon,Wire
T00911,C0008,2024-10-16,1784.64,US,Walmart,Wire
T00912,C0231,2025-04-08,624.12,us,BestBuy,In-Person
T00913,C0276,2025-02-14,1957.12,US,eBay,Wire
T00914,C0281,2025-03-06,1053.27,us,Walmart,Online
T00915,C0356,2024-08-04,1606.13,Mexico,Amazon,In-Person
T00916,C0464,2025-01-14,1145.85,Mexico,Amazon,Online
T00917,C0031,2024-12-29,697.6,US,Walmart,In-Person
T00918,C0139,2025-01-20,5930.53,us,eBay,Online
T00919,C0035,2024-11-22,2884.51,us,Amazon,In-Person
T00920,C0185,2024-07-27,301.91,china,Amazon,In-Person
T00921,C0198,2025-01-16,4057.01,us,BestBuy,In-Person
T00922,C0051,2025-06-04,1336.64,brazil,BestBuy,In-Person
T00923,C0273,2025-02-11,4499.08,us,Amazon,Wire
T00924,C0288,2024-09-08,3217.43,BRAZIL,Amazon,Online
T00925,C0473,2024-11-25,1107.51,uk,BestBuy,Wire
T00926,C0382,2024-09-05,45.45,us,BestBuy,Wire
T00927,C0182,2024-10-13,625.8,mexico,Amazon,In-Person
T00928,C0142,2025-05-02,1560.18,russia,eBay,Wire
T00929,C0456,2024-08-14,2007.39,germany,Luxury Retailer,In-Person
T00930,C0486,2025-06-18,596.51,us,Amazon,Wire
T00931,C0337,2025-02-13,300.15,us,Walmart,
T00932,C0492,2025-03-24,3602.77,mexico,Unknown Vendor,In-Person
T00933,C0117,2025-04-12,8321.25,us,eBay,Wire
T00934,C0497,2024-08-19,1491.79,Us,eBay,Wire
T00935,C0278,2024-10-02,376.71,us,eBay,In-Person
T00936,C0278,2025-04-19,635.75,MEXICO,Amazon,Online
T00937,C0159,2025-01-19,37.12,mexico,Unknown Vendor,Online
T00938,C0221,2024-07-06,4913.78,Germany,Luxury Retailer,Online
T00939,C0336,2024-07-23,250.56,Brazil,Crypto Exchange,Wire
T00940,C0035,2025-06-04,1718.48,uk,Crypto Exchange,Online
T00941,C0095,2025-06-06,640.56,us,Unknown Vendor,In-Person
T00942,C0016,2024-07-10,1615.67,canada,Unknown Vendor,Wire
T00943,C0493,2024-10-08,2107.78,us,BestBuy,In-Person
T00944,C0478,2024/07/23,3540.88,canada,Amazon,Online
T00945,C0055,2025-01-05,462.41,us,Amazon,In-Person
T00946,C0316,2024.11.24,22.11,us,eBay,Online
T00947,C0306,2024-12-01,294.42,us,eBay,Wire
T00948,C0041,2025-06-28,4605.54,mexico,BestBuy,In-Person
T00949,C0434,2024-09-02,4141.2,mexico,Walmart,Wire
T00950,C0095,2024-09-13,1819.69,CHINA,BestBuy,Online
T00951,C0084,2025-07-02,1835.17,us,Amazon,
T00952,C0474,2025-06-04,2187.47,us,BestBuy,In-Person
T00953,C0344,2024-07-19,385.64,germany,Walmart,Online
T00954,C0091,2025-02-05,4916.42,BRAZIL,Luxury Retailer,In-Person
T00955,C0251,2025-05-13,1085.22,MEXICO,Unknown Vendor,Online
T00956,C0219,2025-06-25,966.22,Us,Amazon,In-Person
T00957,C0423,2025-04-09,1463.43,us,BestBuy,In-Person
T00958,C0481,2025-04-19,96.21,canada,eBay,In-Person
T00959,C0329,2025-03-17,363.72,CHINA,Walmart,In-Person
T00960,C0056,2024-12-15,2679.08,us,Walmart,Online
T00961,C0450,2024-10-01,172.86,germany,,Wire
T00962,C0377,2024-11-07,1848.4,Us,BestBuy,In-Person
T00963,C0493,2024-10-10,563.0,Us,Amazon,Wire
T00964,C0453,2024-12-14,986.28,Us,Walmart,Wire
T00965,C0086,2025-06-26,681.3,us,eBay,Online
T00966,C0354,2025-04-11,879.1,UK,Amazon,In-Person
T00967,C0232,2024-11-07,2539.13,us,eBay,Online
T00968,C0399,2024.10.19,705.14,uk,Unknown Vendor,In-Person
T00969,C0070,2025-05-22,1671.29,us,BestBuy,Online
T00970,C0092,2024-08-05,1292.72,us,Unknown Vendor,Online
T00971,C0452,2025-02-12,2179.33,US,Amazon,In-Person
T00972,C0333,2024-11-27,5523.84,Brazil,Walmart,In-Person
T00973,C0376,2024-08-21,2637.81,us,Amazon,Wire
T00974,C0325,2025-01-16,483.99,Us,eBay,Wire
T00975,C0373,2025-03-24,63.36,canada,eBay,Online
T00976,C0194,2025/06/21,608.34,UK,Amazon,Online
T00977,C0468,2024-07-26,1808.12,us,Unknown Vendor,Online
T00978,C0084,2024.09.13,105.59,china,Amazon,In-Person
T00979,C0027,2024-09-30,1371.81,us,BestBuy,Wire
T00980,C0148,2025-05-14,1816.86,mexico,Amazon,Online
T00981,C0492,2025-01-22,813.66,us,eBay,Wire
T00982,C0007,2024-07-23,2947.3,us,Unknown Vendor,In-Person
T00983,C0414,2024-12-08,225.44,us,Unknown Vendor,Online
T00984,C0112,2024-08-01,156.22,Uk,BestBuy,Wire
T00985,C0227,2025/06/11,2605.29,us,eBay,Online
T00986,C0452,2025-01-02,1368.34,UK,eBay,In-Person
T00987,C0420,2025-06-07,2332.09,russia,Amazon,Online
T00988,C0029,2024.10.23,1141.25,Mexico,Amazon,Online
T00989,C0342,2025-05-02,565.79,Uk,eBay,Wire
T00990,C0472,2025-05-30,3419.65,Us,Amazon,Online
T00991,C0083,2024-11-03,3213.04,mexico,eBay,In-Person
T00992,C0359,2024-11-10,2372.9,uk,Walmart,Online
T00993,C0495,2024-08-08,635.31,Us,eBay,Online
T00994,C0048,2025-02-05,1784.32,canada,BestBuy,Wire
T00995,C0420,2024-12-30,895.62,us,BestBuy,In-Person
T00996,C0034,2024-07-09,192.1,us,Amazon,In-Person
T00997,C0441,2024-11-26,4985.4,Us,eBay,In-Person
T00998,C0108,2024-09-21,294.26,mexico,eBay,Online
T00999,C0293,2024.10.27,6000.98,canada,eBay,Online
T01000,C0248,2025-02-09,1181.2,Canada,eBay,In-Person
T01001,C0148,2025-05-06,409.46,us,Walmart,Wire
T01002,C0270,2024-11-01,1561.34,uk,eBay,Online
T01003,C0315,2025-04-19,4126.28,uk,eBay,
T01004,C0255,2025-03-04,2635.22,us,Amazon,In-Person
T01005,C0120,2024-10-08,3285.59,canada,Luxury Retailer,Online
T01006,C0061,2025-01-02,2150.48,US,eBay,Online
T01007,C0378,2024-11-26,2357.11,russia,Walmart,Wire
T01008,C0212,2025-02-20,3783.54,Us,BestBuy,In-Person
T01009,C0109,2025-01-13,574.48,us,Amazon,Wire
T01010,C0131,2025-05-02,1344.44,canada,BestBuy,In-Person
T01011,C0282,2025-05-03,500.03,US,Amazon,In-Person
T01012,C0171,2024-09-19,8791.12,US,Walmart,In-Person
T01013,C0492,2025-04-16,5766.93,us,Amazon,Wire
T01014,C0427,2025-06-20,80.45,US,eBay,Wire
T01015,C0409,2025-02-03,2445.46,us,Amazon,Online
T01016,C0322,2025-04-27,5187.17,US,Unknown Vendor,Wire
T01017,C0237,2025-05-11,398.31,canada,BestBuy,In-Person
T01018,C0029,2024-10-09,1678.41,russia,Amazon,In-Person
T01019,C0348,2024-09-02,4941.73,us,eBay,Online
T01020,C0296,2024-07-08,69.07,mexico,Walmart,Wire
T01021,C0034,2025-07-03,2390.82,germany,,Online
T01022,C0174,2024-12-12,705.79,Germany,eBay,Online
T01023,C0293,2024-07-15,5164.5,mexico,Amazon,Online
T01024,C0443,2024/10/04,7084.94,canada,BestBuy,Wire
T01025,C0364,2025-02-01,5774.35,Us,,Wire
T01026,C0450,2024-11-17,1285.72,US,BestBuy,Wire
T01027,C0111,2025-03-09,396162.0,Uk,Amazon,Wire
T01028,C0402,2025-05-28,3722.85,us,Amazon,Online
T01029,C0228,2025-04-01,768.68,uk,,In-Person
T01030,C0079,2025-06-11,3531.2,Us,Crypto Exchange,In-Person
T01031,C0448,2024-07-09,75.42,uk,Walmart,Online
T01032,C0394,2024-11-13,1814.02,CHINA,Walmart,
T01033,C0347,2024-07-06,522.75,germany,,Online
T01034,C0236,2025-04-26,256.96,Us,Unknown Vendor,Online
T01035,C0003,2025.03.18,160.15,Us,Amazon,In-Person
T01036,C0447,2024-11-29,2383.36,Us,BestBuy,Online
T01037,C0053,2025-05-31,830.65,UK,eBay,Wire
T01038,C0012,2025-04-18,2580.27,uk,BestBuy,Online
T01039,C0165,2025-04-14,135.18,us,Amazon,In-Person
T01040,C0164,2024-11-02,757.52,canada,eBay,
T01041,C0077,2024-08-15,1550.85,us,Amazon,In-Person
T01042,C0287,2024-09-23,3128.19,Uk,Amazon,Wire
T01043,C0282,2025-01-27,767.66,Us,Amazon,In-Person
T01044,C0412,2024-10-06,1966.42,US,Amazon,Online
T01045,C0160,2024/12/16,4342.72,mexico,BestBuy,Wire
T01046,C0026,2025-01-13,1913.51,us,BestBuy,In-Person
T01047,C0026,2024-07-29,530.43,us,Amazon,Wire
T01048,C0201,2024-08-30,49.41,us,eBay,In-Person
T01049,C0323,2025-04-08,4081.96,russia,eBay,In-Person
T01050,C0183,2024-10-22,43.0,US,Walmart,In-Person
T01051,C0389,2024-08-11,4154.12,Mexico,eBay,Wire
T01052,C0291,2024-07-23,1505.53,us,Walmart,
T01053,C0240,2025-06-28,5595.98,us,BestBuy,In-Person
T01054,C0364,2024-10-03,3206.75,canada,BestBuy,Online
T01055,C0074,2025-06-19,12364.39,china,,Wire
T01056,C0201,2025.05.30,863.76,Us,Crypto Exchange,
T01057,C0404,2025-01-23,2915.05,CHINA,,Wire
T01058,C0016,2024-12-13,1028.1,us,Amazon,Wire
T01059,C0237,2025-04-04,1307.37,russia,,Wire
T01060,C0310,2025-06-18,1975.07,UK,eBay,Wire
T01061,C0419,2024-11-27,4137.83,canada,Amazon,In-Person
T01062,C0333,2024-12-31,828079.0000000001,us,BestBuy,Wire
T01063,C0206,2025-04-22,2924.39,uk,Amazon,Online
T01064,C0281,2024-08-07,1081.77,us,BestBuy,Online
T01065,C0175,2025-02-16,1094.14,Us,eBay,Wire
T01066,C0402,2024-08-12,2675.64,germany,eBay,Wire
T01067,C0279,2025-01-18,545.66,mexico,Amazon,In-Person
T01068,C0040,2024-08-26,234.13,canada,Walmart,Wire
T01069,C0059,2025-03-10,875.84,Uk,BestBuy,In-Person
T01070,C0050,2025-05-20,677.22,russia,Amazon,Wire
T01071,C0036,2024-12-06,702.83,Uk,eBay,In-Person
T01072,C0395,2024-08-04,532.12,russia,BestBuy,In-Person
T01073,C0339,2025-02-20,86.01,US,Amazon,Online
T01074,C0455,2025-02-11,36.07,Uk,Walmart,Online
T01075,C0388,2024-07-30,8799.96,Us,Amazon,In-Person
T01076,C0150,2024-12-21,1116.44,us,eBay,Online
T01077,C0106,2025.03.20,970.08,MEXICO,BestBuy,In-Person
T01078,C0407,2024-08-25,2276.67,Brazil,BestBuy,Wire
T01079,C0368,2024/10/05,492.45,Germany,BestBuy,Online
T01080,C0299,2024-10-27,5989.91,us,Luxury Retailer,Wire
T01081,C0434,2024-10-15,308679.0,us,Amazon,Wire
T01082,C0462,2025-06-01,187.33,uk,Amazon,In-Person
T01083,C0287,2024-11-05,1081.13,Russia,BestBuy,Wire
T01084,C0444,2025-06-30,4225.89,US,BestBuy,In-Person
T01085,C0202,2025-05-13,5791.12,mexico,Walmart,Wire
T01086,C0196,2024-12-05,1259.97,us,Amazon,Online
T01087,C0244,2025-04-04,1900.79,us,eBay,Wire
T01088,C0431,2025-05-25,365.52,us,Amazon,In-Person
T01089,C0065,2025-04-17,9458.89,us,Amazon,Online
T01090,C0074,2024-11-09,527.08,canada,BestBuy,Wire
T01091,C0500,2024-11-06,5720.02,germany,Amazon,In-Person
T01092,C0413,2024/12/28,2097.63,us,BestBuy,In-Person
T01093,C0310,2024-10-19,1871.64,Brazil,eBay,Wire
T01094,C0261,2024-10-04,1437.7,Us,Walmart,Wire
T01095,C0182,2024-08-04,524.47,us,BestBuy,Online
T01096,C0296,2024-09-22,388.45,US,Walmart,In-Person
T01097,C0257,2024-08-27,498.17,us,Crypto Exchange,In-Person
T01098,C0188,2025-05-04,412.67,us,Amazon,Wire
T01099,C0361,2025-05-01,3024.48,us,eBay,In-Person
T01100,C0041,2025-02-18,861.95,Us,Walmart,Wire
T01101,C0239,2024-08-17,119.17,UK,eBay,In-Person
T01102,C0046,2024-09-04,6954.17,us,eBay,
T01103,C0492,2024-08-16,4304.64,mexico,eBay,In-Person
T01104,C0409,2024-09-07,5255.31,UK,eBay,Wire
T01105,C0274,2024-12-27,10560.1,Canada,BestBuy,In-Person
T01106,C0464,2025/01/02,382.07,us,Walmart,Wire
T01107,C0181,2024-11-04,1009.16,germany,Walmart,Wire
T01108,C0086,2024-12-10,2839.61,Us,Crypto Exchange,In-Person
T01109,C0156,2024-08-21,2381.59,canada,eBay,Online
T01110,C0323,2025-01-30,334.23,us,Amazon,Online
T01111,C0337,2024-11-22,3383.83,germany,Walmart,In-Person
T01112,C0014,2025-05-01,508.34,us,Amazon,In-Person
T01113,C0040,2024-09-24,506.74,china,Amazon,Online
T01114,C0316,2024-12-28,1539.95,us,Unknown Vendor,Online
T01115,C0380,2024-11-02,1797.59,us,Amazon,In-Person
T01116,C0379,2025-01-01,1735.41,US,,Online
T01117,C0134,2024-10-16,191.89,canada,Amazon,Online
T01118,C0410,2025-06-02,4198.65,uk,Amazon,Online
T01119,C0496,2024.08.21,617.4,us,Crypto Exchange,Online
T01120,C0429,2024-08-10,277.41,us,Luxury Retailer,Wire
T01121,C0122,2024-09-05,4391.92,mexico,Walmart,Online
T01122,C0108,2025-05-15,6231.35,Uk,Walmart,Online
T01123,C0329,2025-03-29,3962.85,us,Walmart,Online
T01124,C0086,2024-11-01,3316.37,Us,BestBuy,Wire
T01125,C0383,2025-05-22,2129.83,brazil,Crypto Exchange,Online
T01126,C0195,2025-04-05,1600.83,MEXICO,BestBuy,Wire
T01127,C0075,2025-04-02,182.01,Uk,BestBuy,Wire
T01128,C0475,2025-02-25,1050.03,CANADA,BestBuy,Wire
T01129,C0493,2024-07-21,932.62,uk,Luxury Retailer,Online
T01130,C0470,2024-09-27,601.54,uk,BestBuy,Wire
T01131,C0313,2025-05-26,2570.51,Brazil,Unknown Vendor,Wire
T01132,C0139,2025-06-03,1369.86,us,Amazon,In-Person
T01133,C0300,2024-11-10,169.04,Us,Walmart,In-Person
T01134,C0124,2024-09-01,497.39,Canada,eBay,Online
T01135,C0267,2024.08.10,2299.34,us,eBay,Online
T01136,C0161,2025-04-08,158.37,UK,eBay,Online
T01137,C0007,2024-10-10,3810.4,us,eBay,In-Person
T01138,C0229,2024-11-21,1366.97,us,Walmart,Wire
T01139,C0099,2024-12-06,1310.11,us,eBay,Online
T01140,C0481,2025-01-21,1794.98,Uk,Unknown Vendor,Online
T01141,C0487,2024-07-25,3482.3,Uk,Amazon,Online
T01142,C0045,2025-03-25,854.84,CHINA,Amazon,In-Person
T01143,C0392,2024-10-30,2266.51,China,eBay,Online
T01144,C0459,2024-10-15,1668.19,us,Amazon,Wire
T01145,C0240,2025-05-20,621.3,mexico,Amazon,Wire
T01146,C0473,2024-09-11,4217.82,GERMANY,Walmart,In-Person
T01147,C0463,2024-07-18,3193.3,mexico,Walmart,Wire
T01148,C0083,2024-12-10,2148.53,Canada,Amazon,Online
T01149,C0196,2025-06-02,3802.01,Us,Luxury Retailer,Wire
T01150,C0490,2024-12-28,4039.24,russia,Amazon,Online
T01151,C0252,2025-02-06,2464.49,GERMANY,Amazon,Wire
T01152,C0092,2025-04-22,3628.17,MEXICO,Amazon,In-Person
T01153,C0394,2025-02-04,2391.16,Us,eBay,Online
T01154,C0468,2024-10-11,2279.75,Us,Amazon,Online
T01155,C0038,2024-08-11,1927.87,us,Walmart,Wire
T01156,C0010,2025-01-01,2794.44,CHINA,Amazon,In-Person
T01157,C0001,2024-08-14,345.39,brazil,eBay,Wire
T01158,C0078,2025-05-14,4255.09,Canada,Crypto Exchange,In-Person
T01159,C0002,2025/05/10,4109.01,uk,,Wire
T01160,C0245,2024-08-29,59.37,us,Walmart,Online
T01161,C0277,2024-08-22,3495.29,us,BestBuy,In-Person
T01162,C0419,2024-07-10,275.93,canada,Amazon,In-Person
T01163,C0479,2024-07-29,816.29,germany,BestBuy,Wire
T01164,C0206,2025-05-24,2721.32,US,Luxury Retailer,In-Person
T01165,C0047,2025-05-05,350.52,us,Unknown Vendor,Wire
T01166,C0042,2024-09-30,3407.13,russia,Walmart,Wire
T01167,C0332,2024-08-25,3569.18,US,eBay,Wire
T01168,C0339,2024-09-20,1416.39,Us,eBay,Online
T01169,C0323,2025-05-21,12.81,mexico,BestBuy,In-Person
T01170,C0225,2024-12-08,676.65,canada,Amazon,Online
T01171,C0013,2024-11-27,1919.06,CANADA,eBay,Wire
T01172,C0200,2025-03-29,7946.33,Us,eBay,Wire
T01173,C0256,2025-03-07,1998.33,uk,Walmart,Wire
T01174,C0495,2025-07-05,601.68,GERMANY,Amazon,Online
T01175,C0173,2025-03-13,2010.28,CANADA,Amazon,Online
T01176,C0109,2024-08-07,1552.99,Russia,eBay,Wire
T01177,C0482,2025-02-17,3026.85,Mexico,Unknown Vendor,Online
T01178,C0380,2025-02-18,226.29,uk,Crypto Exchange,Online
T01179,C0377,2024-10-14,2862.82,us,eBay,Wire
T01180,C0465,2025-06-27,1558.57,brazil,,In-Person
T01181,C0333,2025-05-17,6593.24,us,Amazon,Online
T01182,C0464,2024-08-04,836.71,us,Walmart,Wire
T01183,C0313,2024-07-14,2002.73,us,eBay,Online
T01184,C0059,2024-07-31,5377.32,Us,Walmart,Online
T01185,C0033,2024-09-20,216.31,Russia,BestBuy,In-Person
T01186,C0348,2025-06-21,5536.51,us,Amazon,In-Person
T01187,C0295,2025-03-13,2328.77,uk,BestBuy,Online
T01188,C0392,2024-12-25,140.5,US,,Online
T01189,C0062,2025-05-16,716.1,US,Walmart,Online
T01190,C0357,2024-08-25,2463.18,US,Amazon,Online
T01191,C0474,2024-08-10,139.45,uk,Amazon,In-Person
T01192,C0314,2025-06-22,1745.36,us,Amazon,Wire
T01193,C0042,2025-05-31,848.94,us,Amazon,Online
T01194,C0362,2025-05-24,1939.99,MEXICO,Unknown Vendor,Wire
T01195,C0356,2025-05-16,93.64,russia,Walmart,In-Person
T01196,C0065,2024-11-11,4104.23,us,eBay,In-Person
T01197,C0231,2024-08-22,7260.39,Us,Crypto Exchange,In-Person
T01198,C0355,2024.07.22,6939.67,US,Amazon,Wire
T01199,C0314,2025-07-06,2769.81,germany,eBay,
T01200,C0179,2025-01-01,278.72,us,eBay,Online
T01201,C0061,2024-07-25,2839.81,germany,Luxury Retailer,In-Person
T01202,C0186,2024-09-09,4979.0,China,Luxury Retailer,In-Person
T01203,C0113,2025-06-29,44.74,us,eBay,Online
T01204,C0142,2025-02-13,781.97,Us,Amazon,Online
T01205,C0351,2024-12-21,1341.38,russia,Crypto Exchange,Wire
T01206,C0091,2025-05-21,2942.9,Us,Crypto Exchange,Online
T01207,C0331,2025-04-13,2299.57,us,Amazon,Wire
T01208,C0172,2024-12-06,1180.83,mexico,Unknown Vendor,Wire
T01209,C0023,2025-01-14,639.38,Us,Amazon,In-Person
T01210,C0091,2024-07-17,11703.06,us,Amazon,In-Person
T01211,C0060,2024-12-01,1110.88,us,Amazon,
T01212,C0304,2025-03-28,1200.72,Uk,BestBuy,In-Person
T01213,C0347,2024-12-18,357.35,china,Amazon,Online
T01214,C0167,2024-09-11,3167.63,us,Amazon,Wire
T01215,C0446,2024-11-20,2366.26,us,Unknown Vendor,Online
T01216,C0242,2024-09-27,498.9,UK,Amazon,Wire
T01217,C0075,2025-06-23,171.95,us,eBay,Online
T01218,C0199,2024-09-16,2281.99,US,BestBuy,Online
T01219,C0324,2024-10-20,2125.59,us,Amazon,Wire
T01220,C0066,2024-10-22,638.37,us,eBay,Wire
T01221,C0070,2024-12-26,6026.31,Us,BestBuy,
T01222,C0088,2025-06-14,327.53,CANADA,Amazon,Wire
T01223,C0310,2024-09-01,1132.45,Us,Walmart,In-Person
T01224,C0464,2024-07-19,5751.14,us,Luxury Retailer,Online
T01225,C0045,2025-03-01,1088.51,Us,eBay,Online
T01226,C0303,2025-03-03,2035.13,us,BestBuy,Online
T01227,C0374,2025-03-02,1013.65,us,,Online
T01228,C0168,2024-10-09,641.0,us,Amazon,In-Person
T01229,C0485,2025-03-14,8267.54,Us,eBay,Online
T01230,C0214,2024-10-28,1053.01,germany,Amazon,Wire
T01231,C0376,2025-01-15,4490.51,Canada,Amazon,In-Person
T01232,C0202,2024/12/13,522.61,us,Walmart,Online
T01233,C0232,2025-06-13,479.32,us,Amazon,Online
T01234,C0355,2025-02-04,63.26,canada,Crypto Exchange,Online
T01235,C0184,2025-01-08,2109.19,us,eBay,Online
T01236,C0009,2024-07-29,919.4,us,BestBuy,In-Person
T01237,C0236,2024-08-09,3995.48,china,Walmart,Online
T01238,C0500,2024-10-22,1281.91,US,Walmart,In-Person
T01239,C0208,2024-12-01,6896.16,US,Unknown Vendor,In-Person
T01240,C0238,2024-08-28,410.42,CANADA,Amazon,In-Person
T01241,C0037,2024-12-15,4059.37,us,eBay,In-Person
T01242,C0017,2024-09-21,2997.55,Us,Walmart,In-Person
T01243,C0485,2025-03-12,2947.38,mexico,eBay,Online
T01244,C0404,2025-06-14,3725.87,mexico,eBay,Wire
T01245,C0377,2025-05-11,2862.78,brazil,eBay,In-Person
T01246,C0187,2025-01-26,1968.18,CHINA,Amazon,Wire
T01247,C0239,2024-10-10,281.39,mexico,BestBuy,Online
T01248,C0332,2025-03-07,66.13,Uk,Amazon,In-Person
T01249,C0397,2025-05-13,5072.77,us,Luxury Retailer,Online
T01250,C0277,2025-02-02,1917.62,Us,BestBuy,In-Person
T01251,C0447,2025-05-10,3184.55,germany,Amazon,In-Person
T01252,C0390,2024-07-13,1313.72,us,BestBuy,Wire
T01253,C0258,2024-12-01,249.56,MEXICO,Amazon,Online
T01254,C0191,2025/05/05,267.49,us,BestBuy,In-Person
T01255,C0425,2025-04-09,2313.96,us,Walmart,In-Person
T01256,C0423,2024-11-22,1125.31,uk,Amazon,In-Person
T01257,C0189,2025-01-08,447.6,canada,Crypto Exchange,Online
T01258,C0097,2025-02-02,1352.95,CHINA,BestBuy,Online
T01259,C0201,2025.05.05,132.73,china,Amazon,Online
T01260,C0056,2025-01-10,1744.41,Us,Amazon,
T01261,C0255,2024-11-16,626.67,us,Amazon,In-Person
T01262,C0012,2025-06-25,3194.61,us,Luxury Retailer,In-Person
T01263,C0478,2025-02-10,743.18,us,BestBuy,Wire
T01264,C0378,2025-01-17,1214.75,Mexico,Amazon,Online
T01265,C0012,2024-11-07,23.38,china,Amazon,In-Person
T01266,C0331,2024-12-03,150.41,Us,eBay,In-Person
T01267,C0331,2024-10-19,996.78,canada,BestBuy,In-Person
T01268,C0357,2024-09-13,1307.62,UK,eBay,Wire
T01269,C0156,2024-07-16,1832.68,uk,Unknown Vendor,Wire
T01270,C0088,2024-11-06,689.67,CANADA,Amazon,Wire
T01271,C0498,2025-02-22,2374.77,US,Walmart,Online
T01272,C0181,2024-09-29,3933.98,us,Luxury Retailer,In-Person
T01273,C0474,2024-07-17,3026.9,us,eBay,Online
T01274,C0499,2025-06-18,80.85,Us,Walmart,In-Person
T01275,C0407,2025-05-16,1309.8,us,Amazon,Online
T01276,C0163,2025-05-04,221.71,uk,BestBuy,Wire
T01277,C0095,2024-10-23,554.26,us,Walmart,In-Person
T01278,C0163,2024/07/28,8634.37,germany,Amazon,Wire
T01279,C0277,2025-05-16,307.46,germany,eBay,Online
T01280,C0472,2025-01-05,1381.85,US,Crypto Exchange,Online
T01281,C0486,2025-01-27,1925.48,us,BestBuy,Online
T01282,C0497,2024-11-21,2424.45,CANADA,Luxury Retailer,Wire
T01283,C0332,2025-04-29,1640.36,canada,BestBuy,Wire
T01284,C0497,2025-02-17,19.64,brazil,Luxury Retailer,In-Person
T01285,C0342,2024-10-04,790.42,us,eBay,Wire
T01286,C0174,2024-09-05,1458.43,mexico,Walmart,Online
T01287,C0072,2024-08-13,183.94,MEXICO,Amazon,Online
T01288,C0206,2024.10.10,863.5,mexico,Amazon,Wire
T01289,C0048,2025-03-18,67.53,Us,eBay,Online
T01290,C0299,2024-10-07,163.68,uk,Walmart,Wire
T01291,C0101,2024-10-17,1011.42,US,eBay,Wire
T01292,C0347,2025-01-29,284.78,mexico,Amazon,In-Person
T01293,C0202,2025-05-19,1676.53,us,BestBuy,In-Person
T01294,C0262,2025-05-09,2338.92,brazil,Crypto Exchange,Wire
T01295,C0204,2025-06-27,3224.75,us,Unknown Vendor,Wire
T01296,C0198,2025-04-18,446.66,US,Amazon,Wire
T01297,C0158,2024-07-27,366.6,germany,Unknown Vendor,Online
T01298,C0111,2025-04-28,220.9,canada,BestBuy,Wire
T01299,C0412,2024-09-29,2023.57,Us,Amazon,In-Person
T01300,C0497,2025-02-14,2451.59,china,Walmart,Wire
T01301,C0072,2025-05-30,64.19,russia,eBay,Online
T01302,C0107,2025-05-11,5504.39,us,Luxury Retailer,In-Person
T01303,C0172,2024-12-03,106.74,us,Luxury Retailer,Wire
T01304,C0046,2024-11-20,1558.7,us,eBay,Wire
T01305,C0213,2025-07-04,2469.28,us,BestBuy,In-Person
T01306,C0387,2025-05-27,4095.41,BRAZIL,Amazon,Wire
T01307,C0149,2025-05-30,2504.13,UK,Amazon,Wire
T01308,C0428,2024-09-11,3236.23,uk,BestBuy,In-Person
T01309,C0238,2024-09-12,829.37,us,Walmart,Online
T01310,C0135,2024.10.05,3372.91,Us,eBay,In-Person
T01311,C0242,2025-02-21,167.01,us,eBay,Wire
T01312,C0214,2024-11-06,4504.1,Us,Crypto Exchange,In-Person
T01313,C0126,2025-05-15,1586.34,us,Walmart,Wire
T01314,C0497,2025-04-18,3399.8,us,Walmart,In-Person
T01315,C0247,2025-04-02,1204.12,uk,Unknown Vendor,In-Person
T01316,C0352,2024-11-22,2063.28,US,eBay,Online
T01317,C0192,2025-06-25,1494.8,UK,eBay,Wire
T01318,C0084,2025-02-20,2630.48,UK,Amazon,Wire
T01319,C0450,2024-07-16,170.31,MEXICO,BestBuy,Online
T01320,C0140,2025-04-05,124.5,US,eBay,Wire
T01321,C0025,2025-04-04,567.65,us,eBay,Online
T01322,C0264,2024-11-19,347.62,us,eBay,Online
T01323,C0307,2025-02-11,4108.07,Canada,,Wire
T01324,C0424,2025-02-09,494.91,russia,Walmart,Wire
T01325,C0351,2024-08-30,7448.21,mexico,BestBuy,In-Person
T01326,C0297,2025-02-09,821.65,Us,Amazon,Online
T01327,C0266,2024.09.17,40207.0,us,Walmart,Wire
T01328,C0175,2025-05-26,3118.43,Brazil,Amazon,Online
T01329,C0080,2025-05-16,2150.03,uk,Walmart,In-Person
T01330,C0315,2025-06-13,1379.09,mexico,Luxury Retailer,In-Person
T01331,C0365,2025-01-13,1621.0,uk,Walmart,Online
T01332,C0214,2025-02-01,2540.24,us,Amazon,Online
T01333,C0473,2024-11-03,518.72,US,BestBuy,In-Person
T01334,C0186,2024-09-12,11217.26,us,BestBuy,In-Person
T01335,C0268,2025-01-12,7361.28,canada,BestBuy,In-Person
T01336,C0156,2024-07-20,2101.51,us,Walmart,Online
T01337,C0066,2024-08-10,445.14,China,Amazon,Online
T01338,C0158,2024-07-27,2280.3,us,Amazon,Online
T01339,C0218,2024-10-04,149.87,mexico,Walmart,Online
T01340,C0010,2025-02-24,62.26,CANADA,Walmart,Online
T01341,C0101,2024-09-28,595.96,Us,Walmart,In-Person
T01342,C0304,2024-07-13,1242.11,us,Amazon,Wire
T01343,C0023,2025-01-26,4054.04,us,eBay,Online
T01344,C0401,2025-01-07,2597.81,US,eBay,In-Person
T01345,C0462,2024-07-06,2715.08,us,eBay,Online
T01346,C0047,2024-11-11,1108.49,US,Walmart,Wire
T01347,C0486,2025-06-27,849.1,UK,BestBuy,In-Person
T01348,C0400,2025-03-01,927.37,canada,Amazon,In-Person
T01349,C0035,2024-09-22,8788.13,us,eBay,Online
T01350,C0271,2025-05-15,81.87,US,Amazon,Wire
T01351,C0088,2024-08-25,4035.29,brazil,eBay,In-Person
T01352,C0051,2024-11-15,1728.7,brazil,Crypto Exchange,In-Person
T01353,C0244,2025-04-10,1154.7,us,eBay,Wire
T01354,C0345,2024-09-12,2583.84,GERMANY,Amazon,Wire
T01355,C0195,2025-06-27,1333.67,us,eBay,Wire
T01356,C0058,2025-05-13,4133.81,canada,BestBuy,Wire
T01357,C0057,2025-05-29,4619.26,uk,BestBuy,Wire
T01358,C0361,2025-06-08,1095.4,us,Walmart,Online
T01359,C0168,2024-11-08,648.22,US,BestBuy,Wire
T01360,C0308,2024-07-29,1794.69,CANADA,eBay,Wire
T01361,C0116,2024-07-14,4869.11,uk,Amazon,Wire
T01362,C0097,2024-09-01,473.12,china,Unknown Vendor,
T01363,C0481,2025-02-18,1950.84,Mexico,Amazon,In-Person
T01364,C0252,2025-04-05,1996.96,mexico,BestBuy,In-Person
T01365,C0338,2025-06-27,2641.86,Mexico,Amazon,Wire
T01366,C0206,2024-08-30,282.13,mexico,Luxury Retailer,In-Person
T01367,C0474,2025-05-02,2516.33,china,Amazon,
T01368,C0500,2024-08-18,4794.51,us,Amazon,Wire
T01369,C0063,2025-05-30,396.13,Us,BestBuy,Wire
T01370,C0143,2025-01-26,542.42,Canada,Walmart,In-Person
T01371,C0140,2025-06-05,7108.35,canada,Walmart,Wire
T01372,C0183,2024-11-24,399.29,Us,eBay,Wire
T01373,C0249,2024-08-03,3853.58,uk,Amazon,Wire
T01374,C0056,2024-11-28,1355.64,us,BestBuy,Online
T01375,C0322,2025-04-05,567.99,BRAZIL,Amazon,
T01376,C0028,2025-07-06,4092.01,Russia,BestBuy,Online
T01377,C0498,2025-03-20,1178.67,us,eBay,Wire
T01378,C0079,2024-12-06,1446.46,us,eBay,Online
T01379,C0339,2025-02-18,890.18,canada,Walmart,Wire
T01380,C0104,2024-08-14,1797.64,us,BestBuy,In-Person
T01381,C0134,2024-11-13,357.11,uk,Walmart,In-Person
T01382,C0280,2024-10-31,992.14,Us,Walmart,Wire
T01383,C0451,2024-11-08,6974.32,brazil,BestBuy,Wire
T01384,C0437,2024-08-27,597.17,Us,BestBuy,Online
T01385,C0091,2024-09-05,2138.51,uk,Unknown Vendor,Wire
T01386,C0453,2025-04-16,786.65,canada,BestBuy,Online
T01387,C0160,2024-12-22,2969.78,canada,BestBuy,Online
T01388,C0292,2025-05-09,280.53,MEXICO,,In-Person
T01389,C0277,2025-03-11,7001.22,uk,BestBuy,Online
T01390,C0260,2025-01-11,1209.5,US,Amazon,In-Person
T01391,C0498,2025-03-15,538.51,Us,eBay,Wire
T01392,C0165,2024-11-06,152.68,us,eBay,Online
T01393,C0429,2024-09-11,372.08,Us,Walmart,In-Person
T01394,C0014,2025-04-06,1467.0,Canada,eBay,Wire
T01395,C0050,2025-02-09,821.97,us,Luxury Retailer,Wire
T01396,C0180,2025-04-01,353082.0,us,Amazon,Online
T01397,C0332,2025-06-16,1127.35,us,Amazon,In-Person
T01398,C0034,2025-07-01,571.94,china,Amazon,Online
T01399,C0011,2025-03-01,1920.2,UK,Amazon,In-Person
T01400,C0443,2025-05-07,2453.65,Us,eBay,Wire
T01401,C0137,2024-11-21,365.54,us,BestBuy,Online
T01402,C0163,2024-09-30,366.93,us,BestBuy,In-Person
T01403,C0051,2025-03-21,74.72,russia,Amazon,In-Person
T01404,C0106,2025-02-19,2666.66,us,eBay,In-Person
T01405,C0174,2025-05-18,2180.13,Us,Amazon,Wire
T01406,C0104,2024-09-12,1287.31,us,Walmart,Online
T01407,C0431,2024-11-29,3717.98,China,Amazon,Wire
T01408,C0025,2024-11-02,3276.4,us,eBay,Online
T01409,C0320,2025-04-17,1760.66,canada,Amazon,In-Person
T01410,C0049,2025-03-30,4054.02,UK,Amazon,In-Person
T01411,C0411,2024-10-28,460.94,Uk,BestBuy,Wire
T01412,C0408,2024-08-24,237.39,US,Walmart,In-Person
T01413,C0412,2024-09-13,628.74,us,,Wire
T01414,C0103,2025-04-15,117.56,us,Amazon,In-Person
T01415,C0233,2024-07-06,1515.03,mexico,eBay,Online
T01416,C0322,2025-04-04,5516.76,CANADA,Unknown Vendor,In-Person
T01417,C0256,2025-02-13,80.28,US,Luxury Retailer,In-Person
T01418,C0481,2024-12-05,260.47,us,Crypto Exchange,In-Person
T01419,C0415,2025-06-01,1203.69,mexico,Walmart,Wire
T01420,C0479,2025-05-01,5432.42,uk,eBay,In-Person
T01421,C0103,2025-02-11,760.05,us,Amazon,Online
T01422,C0383,2024-07-18,1415.45,mexico,BestBuy,Wire
T01423,C0211,2024-09-14,84.92,US,Walmart,Online
T01424,C0325,2025-02-24,321.14,us,BestBuy,Wire
T01425,C0331,2024-11-06,8629.5,US,eBay,Online
T01426,C0208,2025-06-28,6711.61,US,Amazon,Online
T01427,C0126,2025-05-16,9.9,Canada,BestBuy,Wire
T01428,C0287,2025-02-28,6065.28,Germany,BestBuy,Online
T01429,C0104,2024-09-29,2038.42,us,Amazon,Wire
T01430,C0405,2025-03-11,4048.67,Russia,eBay,Online
T01431,C0330,2025-02-10,1212.98,china,Luxury Retailer,Wire
T01432,C0401,2024-08-15,1449.67,Us,Unknown Vendor,Online
T01433,C0161,2025/07/04,1342.17,Mexico,Unknown Vendor,Wire
T01434,C0460,2025-01-14,2198.41,us,eBay,Online
T01435,C0204,2024-08-29,300.83,Brazil,Walmart,Online
T01436,C0121,2024-11-11,60.86,Us,Walmart,Online
T01437,C0268,2025-04-21,736.14,MEXICO,eBay,In-Person
T01438,C0129,2024-08-05,2439.4,us,Amazon,In-Person
T01439,C0063,2024-10-06,450.93,canada,BestBuy,In-Person
T01440,C0378,2024-11-17,2238.24,us,Walmart,Online
T01441,C0479,2024-11-07,7007.26,Us,Amazon,Online
T01442,C0110,2024-09-09,197.21,GERMANY,BestBuy,Wire
T01443,C0442,2025/03/10,2233.16,uk,BestBuy,Wire
T01444,C0359,2025-06-14,1173.08,brazil,BestBuy,Wire
T01445,C0244,2024-08-09,4052.06,Mexico,Luxury Retailer,Online
T01446,C0186,2025-05-21,389.96,us,BestBuy,Wire
T01447,C0011,2025-04-07,2359.38,mexico,Crypto Exchange,Online
T01448,C0431,2025-03-23,3641.74,Canada,Walmart,Online
T01449,C0354,2025-03-11,5786.86,BRAZIL,eBay,Wire
T01450,C0283,2025-04-15,2299.27,US,eBay,In-Person
T01451,C0186,2025-06-15,1375.03,brazil,eBay,In-Person
T01452,C0444,2024-11-13,1923.87,us,BestBuy,Online
T01453,C0466,2024.12.26,4063.67,Germany,Crypto Exchange,
T01454,C0155,2024-07-10,1690.78,us,Walmart,Online
T01455,C0153,2024-10-16,61.72,us,Unknown Vendor,Wire
T01456,C0324,2024-09-25,5345.81,us,Walmart,In-Person
T01457,C0209,2024-10-10,2339.32,CANADA,Amazon,Online
T01458,C0422,2025-04-01,2257.2,canada,BestBuy,In-Person
T01459,C0212,2024-08-01,485.86,brazil,BestBuy,Wire
T01460,C0449,2024-11-19,2151.07,Brazil,Amazon,Online
T01461,C0358,2024-10-13,1001.3,US,Amazon,Wire
T01462,C0309,2025.05.07,2106.7,Canada,eBay,Wire
T01463,C0233,2024-08-16,225.43,Mexico,Walmart,In-Person
T01464,C0329,2025-04-11,2144.98,us,BestBuy,In-Person
T01465,C0070,2024-07-06,14883.45,US,Amazon,Wire
T01466,C0161,2024-07-24,98.83,UK,Amazon,Online
T01467,C0265,2024-12-02,7559.73,canada,Walmart,In-Person
T01468,C0391,2024-12-23,1044.81,us,eBay,Wire
T01469,C0406,2025-04-16,4092.07,brazil,BestBuy,In-Person
T01470,C0069,2024-12-15,3050.06,us,eBay,Wire
T01471,C0410,2024-09-08,1674.11,Us,Amazon,Wire
T01472,C0094,2025-06-14,2682.25,Us,BestBuy,In-Person
T01473,C0115,2024-12-13,4215.94,us,Amazon,In-Person
T01474,C0332,2025-01-13,1035.5,MEXICO,Amazon,Online
T01475,C0499,2025-06-13,792.12,us,Amazon,Online
T01476,C0026,2024-11-30,2202.79,Us,BestBuy,Wire
T01477,C0077,2024-11-19,3298.92,us,BestBuy,In-Person
T01478,C0061,2025-02-03,2873.37,Us,eBay,Wire
T01479,C0424,2024/11/28,3197.13,Mexico,Amazon,In-Person
T01480,C0105,2024-08-14,1143.92,us,Unknown Vendor,Wire
T01481,C0148,2025-05-23,3405.68,Canada,BestBuy,Wire
T01482,C0439,2025-01-08,256.14,us,Amazon,Wire
T01483,C0373,2025-05-08,1572.67,Mexico,BestBuy,Wire
T01484,C0406,2025-06-06,11.55,us,Amazon,Wire
T01485,C0121,2025-02-15,784.86,mexico,Crypto Exchange,Wire
T01486,C0299,2025-03-15,912.87,Mexico,BestBuy,Online
T01487,C0241,2025-04-26,1008.93,us,BestBuy,In-Person
T01488,C0204,2025-03-29,2377.95,mexico,Walmart,In-Person
T01489,C0217,2024-10-01,983.87,canada,Amazon,Online
T01490,C0286,2024-09-07,1190.93,us,BestBuy,Online
T01491,C0242,2024-12-28,542.42,brazil,Luxury Retailer,In-Person
T01492,C0496,2024-08-03,934.42,russia,Walmart,Online
T01493,C0003,2025-05-12,515.65,us,eBay,Wire
T01494,C0203,2025/05/30,152.03,MEXICO,Amazon,In-Person
T01495,C0022,2024-07-18,1849.9,uk,Amazon,In-Person
T01496,C0253,2024-10-28,2206.52,BRAZIL,Unknown Vendor,Online
T01497,C0046,2024-07-13,1932.49,Us,eBay,Online
T01498,C0134,2024-11-06,1245.36,Us,Amazon,Online
T01499,C0256,2024-10-15,955.38,China,Walmart,In-Person
T01500,C0185,2024-08-15,3980.43,brazil,Amazon,Wire
T01498,C99990,2024-11-06,1245.36,us,Amazon,Online
T01029,C99991,2025-04-01,768.68,Uk,,In-Person
T01391,C99992,2025-03-15,538.51,US,eBay,Wire
T00611,C99993,2025-01-10,80.21,Us,eBay,Wire
T00296,C99994,2024-09-06,1477.31,uk,Amazon,Wire
T00374,C99995,2024-11-01,2297.75,us,Unknown Vendor,Online
T01372,C99996,2024-11-24,399.29,us,eBay,Wire
T00492,C99997,2025-04-18,1935.87,us,Walmart,Online
T00294,C99998,2024-09-11,893.17,us,BestBuy,In-Person
T01218,C99999,2024-09-16,2281.99,US,BestBuy,Online
T00365,C999910,2025-06-27,5676.25,canada,eBay,Wire
T00135,C999911,2024-11-29,5726.24,us,Amazon,Wire
T00474,C999912,2024-10-10,4435.44,russia,Amazon,In-Person
T01334,C999913,2024-09-12,11217.26,Us,BestBuy,In-Person
T00833,C999914,2025-03-02,303.64,us,eBay,In-Person
T01487,C999915,2025-04-26,1008.93,us,BestBuy,In-Person
T01300,C999916,2025-02-14,2451.59,CHINA,Walmart,Wire
T00197,C999917,2025-04-04,2588.93,canada,,Wire
T01281,C999918,2025-01-27,1925.48,Us,BestBuy,Online
T01067,C999919,2025-01-18,545.66,mexico,Amazon,In-Person
